ID,Title,Description,Acceptance,Test_Method,Tools,Dev_Status,Review1_Status,Regression_Status,Files,Dependencies,Notes
ANE-0001,[EPIC 0.1] 仓库卫生：移除被 git 跟踪的 *.pyc/__pycache__,Epic extracted from 完全重构计划.md:543. Scope: implement the full epic end-to-end while preserving existing behavior/data compatibility.,git status 不再显示 src/**/__pycache__/*.pyc 作为 tracked 文件。 | 新生成的 __pycache__ 不会出现在 git status。,"git ls-files ""*.pyc"" (expect 0) | git status (no __pycache__/pyc)",manual,DONE,DONE,TODO,.gitignore | src/core/__pycache__/...,none,"source: 完全重构计划.md:543 | done_at:2026-02-02 | evidence:staged git rm --cached *.pyc; git ls-files ""*.pyc""=0"
ANE-0002,[0.1] 列出所有被跟踪的 src/**/__pycache__/*.pyc（当前约 115 个）并从 git 中删除。,From 完全重构计划.md:546. Epic 0.1 (仓库卫生：移除被 git 跟踪的 *.pyc/__pycache__). Task: 列出所有被跟踪的 src/**/__pycache__/*.pyc（当前约 115 个）并从 git 中删除。,Implemented this requirement without violating the epic Must NOT do constraints; epic acceptance checklist still passes.,"git ls-files ""*.pyc"" (expect 0) | git status (no __pycache__/pyc)",manual,DONE,DONE,TODO,src/**/__pycache__/*.pyc,none,"source: 完全重构计划.md:546 | done_at:2026-02-03 | evidence:git ls-files ""*.pyc""=0 (index); staged deletions remove tracked pyc"
ANE-0003,[0.1] 保留 .gitignore 中对缓存的忽略规则；确保后续不会再进入 git。,From 完全重构计划.md:547. Epic 0.1 (仓库卫生：移除被 git 跟踪的 *.pyc/__pycache__). Task: 保留 .gitignore 中对缓存的忽略规则；确保后续不会再进入 git。,Implemented this requirement without violating the epic Must NOT do constraints; epic acceptance checklist still passes.,"git ls-files ""*.pyc"" (expect 0) | git status (no __pycache__/pyc)",manual,DONE,DONE,TODO,.gitignore,none,"source: 完全重构计划.md:547 | done_at:2026-02-03 | evidence:.gitignore has __pycache__/ + src/**/*.pyc ignores; git ls-files ""*.pyc""=0"
ANE-0004,[EPIC 0.2] 文档策略：解除 .gitignore 对 *.md 的“一刀切”忽略（或新增 docs 白名单）,Epic extracted from 完全重构计划.md:562. Scope: implement the full epic end-to-end while preserving existing behavior/data compatibility.,可在版本库中新增并跟踪 docs/ 下 md 文档（或按方案白名单）。,python -m compileall -q src (and when env ready: pytest -q),manual,DONE,DONE,TODO,.gitignore:162-165 | .gitignore,none,source: 完全重构计划.md:562 | done_at:2026-02-03 | evidence:.gitignore now ignores only root *.md; docs/*.md unignored; python -m compileall -q src OK
ANE-0005,[0.2] 调整 .gitignore：允许 docs/ 或 design/ 下文档被版本控制（保留根目录的噪音 md 忽略也行）。,From 完全重构计划.md:565. Epic 0.2 (文档策略：解除 .gitignore 对 *.md 的“一刀切”忽略（或新增 docs 白名单）). Task: 调整 .gitignore：允许 docs/ 或 design/ 下文档被版本控制（保留根目录的噪音 md 忽略也行）。,Implemented this requirement without violating the epic Must NOT do constraints; epic acceptance checklist still passes.,python -m compileall -q src (and when env ready: pytest -q),manual,DONE,DONE,TODO,.gitignore | docs/,none,source: 完全重构计划.md:565 | done_at:2026-02-03 | evidence:docs/*.md now tracked; python -m compileall -q src OK
ANE-0006,[0.2] 将本计划从 .sisyphus/plans/完全重构计划.md（规划输出）复制/同步到用户期望的位置（如根目录）由执行者决定。,From 完全重构计划.md:566. Epic 0.2 (文档策略：解除 .gitignore 对 *.md 的“一刀切”忽略（或新增 docs 白名单）). Task: 将本计划从 .sisyphus/plans/完全重构计划.md（规划输出）复制/同步到用户期望的位置（如根目录）由执行者决定。,Implemented this requirement without violating the epic Must NOT do constraints; epic acceptance checklist still passes.,python -m compileall -q src (and when env ready: pytest -q),manual,DONE,DONE,TODO,TBD,none,source: 完全重构计划.md:566 | done_at:2026-02-03 | evidence:root 完全重构计划.md matches .sisyphus/plans/完全重构计划.md (SHA256); .gitignore unignores it; python -m compileall -q src OK
ANE-0007,[EPIC 0.3] 建立“必不破坏”Top 10 工作流清单 + 手工回归脚本,Epic extracted from 完全重构计划.md:579. Scope: implement the full epic end-to-end while preserving existing behavior/data compatibility.,清单进入 docs/qa/top10-flows.md（或同等位置）。,python -m compileall -q src (and when env ready: pytest -q),manual,DONE,DONE,TODO,docs/qa/top10-flows.md,none,source: 完全重构计划.md:579 | done_at:2026-02-03 | evidence:created docs/qa/top10-flows.md; py -3.11 -m compileall -q src OK
ANE-0008,[0.3] 记录 10 条必须不回归的用户路径（写作/项目/AI/Codex/RAG/导入导出/主题/查找替换）。,From 完全重构计划.md:582. Epic 0.3 (建立“必不破坏”Top 10 工作流清单 + 手工回归脚本). Task: 记录 10 条必须不回归的用户路径（写作/项目/AI/Codex/RAG/导入导出/主题/查找替换）。,Implemented this requirement without violating the epic Must NOT do constraints; epic acceptance checklist still passes.,python -m compileall -q src (and when env ready: pytest -q),manual,DONE,DONE,TODO,docs/qa/top10-flows.md,none,source: 完全重构计划.md:582 | done_at:2026-02-03 | evidence:docs/qa/top10-flows.md contains 10 flows; py -3.11 -m compileall -q src OK
ANE-0009,[0.3] 为每条路径写出“可执行步骤 + 预期结果 + 截图/日志证据要求”。,From 完全重构计划.md:583. Epic 0.3 (建立“必不破坏”Top 10 工作流清单 + 手工回归脚本). Task: 为每条路径写出“可执行步骤 + 预期结果 + 截图/日志证据要求”。,Implemented this requirement without violating the epic Must NOT do constraints; epic acceptance checklist still passes.,python -m compileall -q src (and when env ready: pytest -q),manual,DONE,DONE,TODO,docs/qa/top10-flows.md,none,source: 完全重构计划.md:583 | done_at:2026-02-03 | evidence:filled steps/expected/evidence for 10 flows in docs/qa/top10-flows.md; py -3.11 -m compileall -q src OK
ANE-0010,[EPIC 0.4] 工程化门禁：引入 ruff/black/mypy/pre-commit（分阶段启用）,Epic extracted from 完全重构计划.md:590. Scope: implement the full epic end-to-end while preserving existing behavior/data compatibility.,pre-commit run --all-files 可执行（允许部分规则先 warn）。 | 新增 docs/engineering/standards.md 写清规则与例外。,python -m compileall -q src (and when env ready: pytest -q),manual,DONE,DONE,TODO,.pre-commit-config.yaml | docs/engineering/standards.md,none,source: 完全重构计划.md:590 | done_at:2026-02-03 | evidence:pre-commit run --all-files PASS; docs/engineering/standards.md added; py -3.11 -m compileall -q src OK
ANE-0011,[0.4] 新增 pyproject.toml（或等价配置）集中管理：ruff/black/mypy/pytest。,From 完全重构计划.md:593. Epic 0.4 (工程化门禁：引入 ruff/black/mypy/pre-commit（分阶段启用）). Task: 新增 pyproject.toml（或等价配置）集中管理：ruff/black/mypy/pytest。,Implemented this requirement without violating the epic Must NOT do constraints; epic acceptance checklist still passes.,python -m compileall -q src (and when env ready: pytest -q),manual,DONE,DONE,TODO,pyproject.toml,none,source: 完全重构计划.md:593 | done_at:2026-02-03 | evidence:pyproject.toml added (ruff/black/mypy/pytest); py -3.11 -m compileall -q src OK; PYTHONIOENCODING=utf-8 py -3.11 -m pytest -q tests/test_2025_api_fixes.py PASS
ANE-0012,[0.4] 引入 pre-commit 并配置：ruff（含 auto-fix）、black、mypy（可先对 core/domain）。,From 完全重构计划.md:594. Epic 0.4 (工程化门禁：引入 ruff/black/mypy/pre-commit（分阶段启用）). Task: 引入 pre-commit 并配置：ruff（含 auto-fix）、black、mypy（可先对 core/domain）。,Implemented this requirement without violating the epic Must NOT do constraints; epic acceptance checklist still passes.,python -m compileall -q src (and when env ready: pytest -q),manual,DONE,DONE,TODO,.pre-commit-config.yaml | docs/engineering/standards.md,none,"source: 完全重构计划.md:594 | done_at:2026-02-03 | evidence:pre-commit configured for ruff/black/mypy (manual stage, files:^src/core/); pre-commit run --all-files PASS; py -3.11 -m compileall -q src OK"
ANE-0013,[0.4] 制定“分阶段严格度”：,From 完全重构计划.md:595. Epic 0.4 (工程化门禁：引入 ruff/black/mypy/pre-commit（分阶段启用）). Task: 制定“分阶段严格度”：,Implemented this requirement without violating the epic Must NOT do constraints; epic acceptance checklist still passes.,python -m compileall -q src (and when env ready: pytest -q),manual,DONE,DONE,TODO,docs/engineering/standards.md,none,source: 完全重构计划.md:595 | done_at:2026-02-03 | evidence:docs/engineering/standards.md added strictness roadmap; py -3.11 -m compileall -q src OK
ANE-0014,[0.4] Phase A：只做格式化/明显错误（unused imports、语法问题）,From 完全重构计划.md:596. Epic 0.4 (工程化门禁：引入 ruff/black/mypy/pre-commit（分阶段启用）). Task: Phase A：只做格式化/明显错误（unused imports、语法问题）,Implemented this requirement without violating the epic Must NOT do constraints; epic acceptance checklist still passes.,python -m compileall -q src (and when env ready: pytest -q),manual,DONE,DONE,TODO,pyproject.toml | .pre-commit-config.yaml | src/core/,none,source: 完全重构计划.md:596 | done_at:2026-02-03 | evidence:pre-commit ruff(manual) applied fixes in src/core and now PASS; py -3.11 -m compileall -q src OK
ANE-0015,[0.4] Phase B：引入类型与更严格 lint（逐模块推进）,From 完全重构计划.md:597. Epic 0.4 (工程化门禁：引入 ruff/black/mypy/pre-commit（分阶段启用）). Task: Phase B：引入类型与更严格 lint（逐模块推进）,Implemented this requirement without violating the epic Must NOT do constraints; epic acceptance checklist still passes.,python -m compileall -q src (and when env ready: pytest -q),manual,DONE,DONE,TODO,docs/engineering/standards.md,none,source: 完全重构计划.md:597 | done_at:2026-02-03 | evidence:docs/engineering/standards.md updated for module rollout; py -3.11 -m compileall -q src OK | validation_limited:mypy manual stage currently reports many legacy typing errors (expected in Phase B); risk:medium gradual rollout
ANE-0016,[EPIC 0.5] 清理输出噪音：移除生产路径中的 print() 并统一日志,Epic extracted from 完全重构计划.md:611. Scope: implement the full epic end-to-end while preserving existing behavior/data compatibility.,GUI 使用查找替换不再向 stdout 打印调试信息。 | 日志级别可通过配置控制（debug/info）。,py -3.11 -m compileall -q src | py -3.11 -m pytest -q tests/test_no_builtin_prints_production.py tests/test_log_level_config.py,manual,DONE,DONE,TODO,src/core/log.py | src/core/config.py | src/main.py | tests/test_log_level_config.py,none,source: 完全重构计划.md:611 | done_at:2026-02-03 | config:app.log_level=INFO|DEBUG | evidence:py -3.11 -m compileall -q src OK; py -3.11 -m pytest -q tests/test_no_builtin_prints_production.py tests/test_log_level_config.py OK
ANE-0017,[0.5] 把以下文件中的 print() 替换为 logging（或删除无意义输出）：,From 完全重构计划.md:614. Epic 0.5 (清理输出噪音：移除生产路径中的 print() 并统一日志). Task: 把以下文件中的 print() 替换为 logging（或删除无意义输出）：,Implemented this requirement without violating the epic Must NOT do constraints; epic acceptance checklist still passes.,py -3.11 -m compileall -q src | py -3.11 -m pytest -q tests/test_no_builtin_prints_production.py tests/test_log_level_config.py,manual,DONE,DONE,TODO,docs/engineering/logging.md | tests/test_no_builtin_prints_production.py,none,source: 完全重构计划.md:614 | done_at:2026-02-03 | evidence:docs/engineering/logging.md; py -3.11 -m compileall -q src OK; py -3.11 -m pytest -q tests/test_no_builtin_prints_production.py tests/test_log_level_config.py OK
ANE-0018,[0.5] src/gui/dialogs/enhanced_find_dialog.py（print 46 处）,From 完全重构计划.md:615. Epic 0.5 (清理输出噪音：移除生产路径中的 print() 并统一日志). Task: src/gui/dialogs/enhanced_find_dialog.py（print 46 处）,Implemented this requirement without violating the epic Must NOT do constraints; epic acceptance checklist still passes.,py -3.11 -m compileall -q src | py -3.11 -m pytest -q tests/test_no_builtin_prints_production.py,manual,DONE,DONE,TODO,src/gui/dialogs/enhanced_find_dialog.py,none,source: 完全重构计划.md:615 | done_at:2026-02-03 | evidence:rg -n print\\( src/gui/dialogs/enhanced_find_dialog.py (expect none); py -3.11 -m compileall -q src OK; py -3.11 -m pytest -q tests/test_no_builtin_prints_production.py OK
ANE-0019,[0.5] src/gui/dialogs/simple_find_dialog.py（print 31 处）,From 完全重构计划.md:616. Epic 0.5 (清理输出噪音：移除生产路径中的 print() 并统一日志). Task: src/gui/dialogs/simple_find_dialog.py（print 31 处）,Implemented this requirement without violating the epic Must NOT do constraints; epic acceptance checklist still passes.,py -3.11 -m compileall -q src | py -3.11 -m pytest -q tests/test_no_builtin_prints_production.py,manual,DONE,DONE,TODO,src/gui/dialogs/simple_find_dialog.py,none,source: 完全重构计划.md:616 | done_at:2026-02-03 | evidence:rg -n print\\( src/gui/dialogs/simple_find_dialog.py (expect none); py -3.11 -m compileall -q src OK; py -3.11 -m pytest -q tests/test_no_builtin_prints_production.py OK
ANE-0020,[0.5] src/gui/dialogs/find_replace_dialog.py（print 11 处）,From 完全重构计划.md:617. Epic 0.5 (清理输出噪音：移除生产路径中的 print() 并统一日志). Task: src/gui/dialogs/find_replace_dialog.py（print 11 处）,Implemented this requirement without violating the epic Must NOT do constraints; epic acceptance checklist still passes.,py -3.11 -m compileall -q src | py -3.11 -m pytest -q tests/test_no_builtin_prints_production.py,manual,DONE,DONE,TODO,src/gui/dialogs/find_replace_dialog.py,none,source: 完全重构计划.md:617 | done_at:2026-02-03 | evidence:rg -n print\\( src/gui/dialogs/find_replace_dialog.py (expect none); py -3.11 -m compileall -q src OK; py -3.11 -m pytest -q tests/test_no_builtin_prints_production.py OK
ANE-0021,[0.5] src/core/nlp_analyzer.py（print 14 处）,From 完全重构计划.md:618. Epic 0.5 (清理输出噪音：移除生产路径中的 print() 并统一日志). Task: src/core/nlp_analyzer.py（print 14 处）,Implemented this requirement without violating the epic Must NOT do constraints; epic acceptance checklist still passes.,py -3.11 -m compileall -q src | py -3.11 -m pytest -q tests/test_no_builtin_prints_production.py,manual,DONE,DONE,TODO,src/core/nlp_analyzer.py,none,source: 完全重构计划.md:618 | done_at:2026-02-03 | evidence:rg -n print\\( src/core/nlp_analyzer.py (expect none); py -3.11 -m compileall -q src OK; py -3.11 -m pytest -q tests/test_no_builtin_prints_production.py OK
ANE-0022,[0.5] src/main.py（print 1 处：图标加载失败提示，建议改为 logger.warning）,From 完全重构计划.md:619. Epic 0.5 (清理输出噪音：移除生产路径中的 print() 并统一日志). Task: src/main.py（print 1 处：图标加载失败提示，建议改为 logger.warning）,Implemented this requirement without violating the epic Must NOT do constraints; epic acceptance checklist still passes.,py -3.11 -m compileall -q src | py -3.11 -m pytest -q tests/test_no_builtin_prints_production.py,manual,DONE,DONE,TODO,src/main.py,none,source: 完全重构计划.md:619 | done_at:2026-02-03 | evidence:rg -n print\\( src/main.py (expect none); py -3.11 -m compileall -q src OK; py -3.11 -m pytest -q tests/test_no_builtin_prints_production.py OK
ANE-0023,[EPIC 0.6] 清理 archive 与 research 噪音（降低认知负担）,Epic extracted from 完全重构计划.md:628. Scope: implement the full epic end-to-end while preserving existing behavior/data compatibility.,主代码 src/ 中不存在对 archive/ 或 temp_research/ 的 import。,py -3.11 -m compileall -q src | py -3.11 -m pytest -q tests/test_no_archive_or_research_imports.py,manual,DONE,DONE,TODO,tests/test_no_archive_or_research_imports.py | src/,none,source: 完全重构计划.md:628 | done_at:2026-02-03 | evidence:py -3.11 -m compileall -q src OK; py -3.11 -m pytest -q tests/test_no_archive_or_research_imports.py OK
ANE-0024,[0.6] 评估 archive/experimental/（当前 git 跟踪 17 个文件）：,From 完全重构计划.md:631. Epic 0.6 (清理 archive 与 research 噪音（降低认知负担）). Task: 评估 archive/experimental/（当前 git 跟踪 17 个文件）：,Implemented this requirement without violating the epic Must NOT do constraints; epic acceptance checklist still passes.,py -3.11 -m compileall -q src | rg -n archive/experimental|archive\\.experimental|temp_research src -S (expect none),manual,DONE,DONE,TODO,archive/experimental/ | docs/reviews/ANE-0024.md,none,source: 完全重构计划.md:631 | done_at:2026-02-03 | evidence:docs/reviews/ANE-0024.md; rg no matches; py -3.11 -m compileall -q src OK
ANE-0025,[0.6] 若不再使用：迁移到单独分支/单独仓库或彻底移除。,From 完全重构计划.md:632. Epic 0.6. Decision: 保留 archive/experimental 作为历史参考（不迁移/不删除），仅保证不被 src/ import。,docs/reviews/ANE-0025.md 记录归档策略（保留/不迁移/不删除/不导入）。,py -3.11 -m compileall -q src | rg -n archive/experimental|archive\\.experimental|temp_research src -S (expect none),manual,DONE,DONE,TODO,docs/reviews/ANE-0025.md | archive/experimental/ | README.md,none,source: 完全重构计划.md:632 | done_at:2026-02-03 | evidence:docs/reviews/ANE-0025.md; README.md Archive（仅历史参考）; rg no matches; py -3.11 -m compileall -q src OK
ANE-0026,[0.6] 若要保留：确保不被主代码 import；并在 README 标注“仅历史参考”。,From 完全重构计划.md:633. Epic 0.6 (清理 archive 与 research 噪音（降低认知负担）). Task: 若要保留：确保不被主代码 import；并在 README 标注“仅历史参考”。,Implemented this requirement without violating the epic Must NOT do constraints; epic acceptance checklist still passes.,py -3.11 -m compileall -q src | rg -n archive/experimental|archive\\.experimental|temp_research src -S (expect none),manual,DONE,DONE,TODO,README.md | archive/experimental/,none,source: 完全重构计划.md:633 | done_at:2026-02-03 | evidence:README.md Archive（仅历史参考）; rg no matches; py -3.11 -m compileall -q src OK
ANE-0027,[0.6] temp_research/ 当前未跟踪：建议移到 docs/research/ 或保持不进 repo。,From 完全重构计划.md:634. Epic 0.6 (清理 archive 与 research 噪音（降低认知负担）). Task: temp_research/ 当前未跟踪：建议移到 docs/research/ 或保持不进 repo。,Implemented this requirement without violating the epic Must NOT do constraints; epic acceptance checklist still passes.,py -3.11 -m compileall -q src | rg -n temp_research src -S (expect none),manual,DONE,DONE,TODO,temp_research/ | docs/research/ | .gitignore | docs/research/README.md,none,source: 完全重构计划.md:634 | done_at:2026-02-03 | evidence:.gitignore ignores temp_research/; docs/research/README.md; rg no matches; py -3.11 -m compileall -q src OK
ANE-0028,[EPIC 0.7] 数据安全基线：备份/恢复机制（重构前必须可用）,Epic extracted from 完全重构计划.md:639. Scope: implement the full epic end-to-end while preserving existing behavior/data compatibility.,可以从备份恢复并成功打开项目（project.db）与检索（vectors.db）。 | 恢复后 python src/main.py 可启动，且能打开该项目。 | 备份文件可通过 sqlite3 的 PRAGMA integrity_check; 验证一致性（PASS）。 | 普通保存 20 次（Ctrl+S / 自动保存）不会产生新的备份集合（避免误触发）。 | 触发一次 schema migration 与一次 vectors 清空/重建前，会各自生成 1 份备份集合（可在备份目录看到 manifest.json）。 | migration 的判定规则明确且不误触发：仅当 current_version < target_version 时才生成“migration 前备份”（见 src/core/database_manager.py:67-70 的现状逻辑）。,python -m compileall -q src (and when env ready: pytest -q),manual,TODO,TODO,TODO,src/core/database_manager.py:39-41 | src/core/database_manager.py:65-121 | src/core/database_manager.py:203-239 | src/core/sqlite_vector_store.py | src/main.py:94-120,none,source: 完全重构计划.md:639
ANE-0029,[0.7] 为每次 schema migration 或批量操作：自动创建备份（project.db / vectors.db）。,From 完全重构计划.md:642. Epic 0.7 (数据安全基线：备份/恢复机制（重构前必须可用）). Task: 为每次 schema migration 或批量操作：自动创建备份（project.db / vectors.db）。,Implemented this requirement without violating the epic Must NOT do constraints; epic acceptance checklist still passes.,python -m compileall -q src (and when env ready: pytest -q),manual,TODO,TODO,TODO,TBD,none,source: 完全重构计划.md:642
ANE-0030,[0.7] 备份实现方式（默认，写死）：,From 完全重构计划.md:643. Epic 0.7 (数据安全基线：备份/恢复机制（重构前必须可用）). Task: 备份实现方式（默认，写死）：,Implemented this requirement without violating the epic Must NOT do constraints; epic acceptance checklist still passes.,py -3.11 -m compileall -q src | py -3.11 -m pytest -q tests/test_sqlite_backup.py,manual,DONE,DONE,TODO,docs/security/backup-policy.md | src/core/sqlite_backup.py,none,source: 完全重构计划.md:643 | done_at:2026-02-03 | evidence:docs/security/backup-policy.md; py -3.11 -m pytest -q tests/test_sqlite_backup.py OK
ANE-0031,[0.7] project.db：使用 SQLite 官方备份 API（sqlite3.Connection.backup）导出一致快照。,From 完全重构计划.md:644. Epic 0.7 (数据安全基线：备份/恢复机制（重构前必须可用）). Task: project.db：使用 SQLite 官方备份 API（sqlite3.Connection.backup）导出一致快照。,Implemented this requirement without violating the epic Must NOT do constraints; epic acceptance checklist still passes.,py -3.11 -m compileall -q src | py -3.11 -m pytest -q tests/test_sqlite_backup.py,manual,DONE,DONE,TODO,src/core/sqlite_backup.py | tests/test_sqlite_backup.py,none,source: 完全重构计划.md:644 | done_at:2026-02-03 | evidence:src/core/sqlite_backup.py backup_sqlite_db uses sqlite3.Connection.backup; py -3.11 -m pytest -q tests/test_sqlite_backup.py OK
ANE-0032,[0.7] 原因：当前启用 WAL（src/core/database_manager.py:39-41），直接复制单个 db 文件可能不一致。,From 完全重构计划.md:645. Epic 0.7 (数据安全基线：备份/恢复机制（重构前必须可用）). Task: 原因：当前启用 WAL（src/core/database_manager.py:39-41），直接复制单个 db 文件可能不一致。,Implemented this requirement without violating the epic Must NOT do constraints; epic acceptance checklist still passes.,py -3.11 -m compileall -q src | py -3.11 -m pytest -q tests/test_sqlite_backup.py,manual,DONE,DONE,TODO,src/core/database_manager.py:39-41,none,source: 完全重构计划.md:645 | done_at:2026-02-03 | evidence:src/core/database_manager.py comment explains WAL and backup API; py -3.11 -m pytest -q tests/test_sqlite_backup.py OK
ANE-0033,[0.7] vectors.db：同样使用 sqlite3.Connection.backup。,From 完全重构计划.md:646. Epic 0.7 (数据安全基线：备份/恢复机制（重构前必须可用）). Task: vectors.db：同样使用 sqlite3.Connection.backup。,Implemented this requirement without violating the epic Must NOT do constraints; epic acceptance checklist still passes.,py -3.11 -m compileall -q src | py -3.11 -m pytest -q tests/test_sqlite_backup.py,manual,DONE,DONE,TODO,src/core/sqlite_backup.py | tests/test_sqlite_backup.py,none,source: 完全重构计划.md:646 | done_at:2026-02-03 | evidence:tests/test_sqlite_backup.py covers vectors.db; py -3.11 -m pytest -q tests/test_sqlite_backup.py OK
ANE-0034,[0.7] 仅当 backup API 不可用时才退回“文件复制”，且必须同时复制 *.db + *.db-wal + *.db-shm。,From 完全重构计划.md:647. Epic 0.7 (数据安全基线：备份/恢复机制（重构前必须可用）). Task: 仅当 backup API 不可用时才退回“文件复制”，且必须同时复制 *.db + *.db-wal + *.db-shm。,Implemented this requirement without violating the epic Must NOT do constraints; epic acceptance checklist still passes.,py -3.11 -m compileall -q src | py -3.11 -m pytest -q tests/test_sqlite_backup.py,manual,DONE,DONE,TODO,src/core/sqlite_backup.py | tests/test_sqlite_backup.py,none,source: 完全重构计划.md:647 | done_at:2026-02-03 | evidence:src/core/sqlite_backup.py copy_sqlite_db_files copies -wal/-shm; py -3.11 -m pytest -q tests/test_sqlite_backup.py OK
ANE-0035,[0.7] 备份位置（默认）：,From 完全重构计划.md:648. Epic 0.7 (数据安全基线：备份/恢复机制（重构前必须可用）). Task: 备份位置（默认）：,Implemented this requirement without violating the epic Must NOT do constraints; epic acceptance checklist still passes.,py -3.11 -m compileall -q src | py -3.11 -m pytest -q tests/test_backup_paths.py,manual,DONE,DONE,TODO,docs/security/backup-locations.md | src/core/backup_manager.py,none,source: 完全重构计划.md:648 | done_at:2026-02-03 | evidence:docs/security/backup-locations.md; py -3.11 -m pytest -q tests/test_backup_paths.py OK
ANE-0036,[0.7] project.db：放在项目目录内 backups/YYYYMMDD-HHMMSS/project.db,From 完全重构计划.md:649. Epic 0.7 (数据安全基线：备份/恢复机制（重构前必须可用）). Task: project.db：放在项目目录内 backups/YYYYMMDD-HHMMSS/project.db,Implemented this requirement without violating the epic Must NOT do constraints; epic acceptance checklist still passes.,py -3.11 -m compileall -q src | py -3.11 -m pytest -q tests/test_backup_paths.py,manual,DONE,DONE,TODO,src/core/backup_manager.py | tests/test_backup_paths.py,none,source: 完全重构计划.md:649 | done_at:2026-02-03 | evidence:src/core/backup_manager.py get_project_db_backup_path; py -3.11 -m pytest -q tests/test_backup_paths.py OK
ANE-0037,[0.7] vectors.db：若迁移到“每项目一份 vectors.db”（见 4.2），同样放项目目录内；若暂时保留全局库，则备份放 ~/.ai-novel-editor/back...,From 完全重构计划.md:650. Epic 0.7 (数据安全基线：备份/恢复机制（重构前必须可用）). Task: vectors.db：若迁移到“每项目一份 vectors.db”（见 4.2），同样放项目目录内；若暂时保留全局库，则备份放 ~/.ai-novel-editor/backups/YYYYMMDD-HHMMSS/vectors.db,Implemented this requirement without violating the epic Must NOT do constraints; epic acceptance checklist still passes.,py -3.11 -m compileall -q src | py -3.11 -m pytest -q tests/test_backup_paths.py,manual,DONE,DONE,TODO,src/core/backup_manager.py | tests/test_backup_paths.py,none,source: 完全重构计划.md:650 | done_at:2026-02-03 | evidence:src/core/backup_manager.py get_global_vectors_db_backup_path; py -3.11 -m pytest -q tests/test_backup_paths.py OK
ANE-0038,[0.7] 保留策略（默认，写死）：保留最近 N=10 份（按时间戳排序，超过即删除最旧）。,From 完全重构计划.md:651. Epic 0.7 (数据安全基线：备份/恢复机制（重构前必须可用）). Task: 保留策略（默认，写死）：保留最近 N=10 份（按时间戳排序，超过即删除最旧）。,Implemented this requirement without violating the epic Must NOT do constraints; epic acceptance checklist still passes.,py -3.11 -m compileall -q src | py -3.11 -m pytest -q tests/test_backup_retention.py,manual,DONE,DONE,TODO,src/core/backup_manager.py | tests/test_backup_retention.py,none,source: 完全重构计划.md:651 | done_at:2026-02-03 | evidence:src/core/backup_manager.py apply_retention_policy keep_last=10; py -3.11 -m pytest -q tests/test_backup_retention.py OK
ANE-0039,[0.7] 备份触发条件（默认，写死）：,From 完全重构计划.md:652. Epic 0.7 (数据安全基线：备份/恢复机制（重构前必须可用）). Task: 备份触发条件（默认，写死）：,Implemented this requirement without violating the epic Must NOT do constraints; epic acceptance checklist still passes.,py -3.11 -m compileall -q src | py -3.11 -m pytest -q tests/test_database_migration_backup.py,manual,DONE,DONE,TODO,docs/security/backup-triggers.md | docs/security/backup-policy.md,none,source: 完全重构计划.md:652 | done_at:2026-02-03 | evidence:docs/security/backup-triggers.md; py -3.11 -m pytest -q tests/test_database_migration_backup.py OK
ANE-0040,[0.7] 必做：任何 schema migration（_migrate_database()）前。,From 完全重构计划.md:653. Epic 0.7 (数据安全基线：备份/恢复机制（重构前必须可用）). Task: 必做：任何 schema migration（_migrate_database()）前。,Implemented this requirement without violating the epic Must NOT do constraints; epic acceptance checklist still passes.,py -3.11 -m compileall -q src | py -3.11 -m pytest -q tests/test_database_migration_backup.py,manual,DONE,DONE,TODO,docs/security/backup-policy.md | src/core/database_manager.py | tests/test_database_migration_backup.py,none,source: 完全重构计划.md:653 | done_at:2026-02-03 | evidence:docs/security/backup-policy.md trigger note; py -3.11 -m pytest -q tests/test_database_migration_backup.py OK
ANE-0041,[0.7] 必做：用户主动触发的“危险操作”前：,From 完全重构计划.md:654. Epic 0.7 (数据安全基线：备份/恢复机制（重构前必须可用）). Task: 必做：用户主动触发的“危险操作”前：,Implemented this requirement without violating the epic Must NOT do constraints; epic acceptance checklist still passes.,python -m compileall -q src (and when env ready: pytest -q),manual,TODO,TODO,TODO,TBD,none,source: 完全重构计划.md:654
ANE-0042,[0.7] 项目导入（可能覆盖大量文档）,From 完全重构计划.md:655. Epic 0.7 (数据安全基线：备份/恢复机制（重构前必须可用）). Task: 项目导入（可能覆盖大量文档）,Implemented this requirement without violating the epic Must NOT do constraints; epic acceptance checklist still passes.,python -m compileall -q src (and when env ready: pytest -q),manual,TODO,TODO,TODO,TBD,none,source: 完全重构计划.md:655
ANE-0043,[0.7] 批量删除（删除 Act/Chapter 递归）,From 完全重构计划.md:656. Epic 0.7 (数据安全基线：备份/恢复机制（重构前必须可用）). Task: 批量删除（删除 Act/Chapter 递归）,Implemented this requirement without violating the epic Must NOT do constraints; epic acceptance checklist still passes.,python -m compileall -q src (and when env ready: pytest -q),manual,TODO,TODO,TODO,TBD,none,source: 完全重构计划.md:656
ANE-0044,[0.7] RAG 重建索引 / clear_all(),From 完全重构计划.md:657. Epic 0.7 (数据安全基线：备份/恢复机制（重构前必须可用）). Task: RAG 重建索引 / clear_all(),Implemented this requirement without violating the epic Must NOT do constraints; epic acceptance checklist still passes.,python -m compileall -q src (and when env ready: pytest -q),manual,TODO,TODO,TODO,TBD,none,source: 完全重构计划.md:657
ANE-0045,[0.7] 从备份恢复（恢复前也先备份当前状态）,From 完全重构计划.md:658. Epic 0.7 (数据安全基线：备份/恢复机制（重构前必须可用）). Task: 从备份恢复（恢复前也先备份当前状态）,Implemented this requirement without violating the epic Must NOT do constraints; epic acceptance checklist still passes.,python -m compileall -q src (and when env ready: pytest -q),manual,TODO,TODO,TODO,TBD,none,source: 完全重构计划.md:658
ANE-0046,[0.7] 选做：每次打开项目后创建一次“会话基线备份”（只做一次，避免每次保存都备份）。,From 完全重构计划.md:659. Epic 0.7 (数据安全基线：备份/恢复机制（重构前必须可用）). Task: 选做：每次打开项目后创建一次“会话基线备份”（只做一次，避免每次保存都备份）。,Implemented this requirement without violating the epic Must NOT do constraints; epic acceptance checklist still passes.,python -m compileall -q src (and when env ready: pytest -q),manual,TODO,TODO,TODO,TBD,none,source: 完全重构计划.md:659
ANE-0047,[0.7] 明确禁止（写死）：普通保存路径（例如编辑器 Ctrl+S / 自动保存）不应触发自动备份。,From 完全重构计划.md:660. Epic 0.7 (数据安全基线：备份/恢复机制（重构前必须可用）). Task: 明确禁止（写死）：普通保存路径（例如编辑器 Ctrl+S / 自动保存）不应触发自动备份。,Implemented this requirement without violating the epic Must NOT do constraints; epic acceptance checklist still passes.,python -m compileall -q src (and when env ready: pytest -q),manual,TODO,TODO,TODO,TBD,none,source: 完全重构计划.md:660
ANE-0048,[0.7] 原因：当前 DatabaseManager.save_project_data() 采用 DELETE FROM documents + 全量重插（写入频繁），若每次保存都备...,From 完全重构计划.md:661. Epic 0.7 (数据安全基线：备份/恢复机制（重构前必须可用）). Task: 原因：当前 DatabaseManager.save_project_data() 采用 DELETE FROM documents + 全量重插（写入频繁），若每次保存都备份会导致磁盘爆炸与 UI 卡顿。,Implemented this requirement without violating the epic Must NOT do constraints; epic acceptance checklist still passes.,python -m compileall -q src (and when env ready: pytest -q),manual,TODO,TODO,TODO,TBD,none,source: 完全重构计划.md:661
ANE-0049,[0.7] 如必须支持“按保存做版本”：应另做可配置的版本控制/快照系统（不属于本次默认重构范围）。,From 完全重构计划.md:662. Epic 0.7 (数据安全基线：备份/恢复机制（重构前必须可用）). Task: 如必须支持“按保存做版本”：应另做可配置的版本控制/快照系统（不属于本次默认重构范围）。,Implemented this requirement without violating the epic Must NOT do constraints; epic acceptance checklist still passes.,python -m compileall -q src (and when env ready: pytest -q),manual,TODO,TODO,TODO,TBD,none,source: 完全重构计划.md:662
ANE-0050,[0.7] 备份集合（写死）：备份以“集合”为单位，至少包含：,From 完全重构计划.md:663. Epic 0.7 (数据安全基线：备份/恢复机制（重构前必须可用）). Task: 备份集合（写死）：备份以“集合”为单位，至少包含：,Implemented this requirement without violating the epic Must NOT do constraints; epic acceptance checklist still passes.,py -3.11 -m compileall -q src | py -3.11 -m pytest -q tests/test_backup_set_paths.py,manual,DONE,DONE,TODO,src/core/backup_set.py | tests/test_backup_set_paths.py,none,source: 完全重构计划.md:663 | done_at:2026-02-03 | evidence:src/core/backup_set.py BackupSet includes project.db/vectors.db/manifest paths; py -3.11 -m pytest -q tests/test_backup_set_paths.py OK
ANE-0051,[0.7] project.db 快照,From 完全重构计划.md:664. Epic 0.7 (数据安全基线：备份/恢复机制（重构前必须可用）). Task: project.db 快照,Implemented this requirement without violating the epic Must NOT do constraints; epic acceptance checklist still passes.,python -m compileall -q src (and when env ready: pytest -q),manual,DONE,DONE,TODO,src/core/backup_set.py | src/core/sqlite_backup.py | tests/test_backup_set_snapshot.py,none,source: 完全重构计划.md:664 | done_at:2026-02-03 | test:py -3.11 -m pytest -q tests/test_backup_set_snapshot.py
ANE-0052,[0.7] vectors.db 快照（若 vectors 已迁移到每项目库；若仍为全局库则备份全局库）,From 完全重构计划.md:665. Epic 0.7 (数据安全基线：备份/恢复机制（重构前必须可用）). Task: vectors.db 快照（若 vectors 已迁移到每项目库；若仍为全局库则备份全局库）,Implemented this requirement without violating the epic Must NOT do constraints; epic acceptance checklist still passes.,python -m compileall -q src (and when env ready: pytest -q),manual,DONE,DONE,TODO,src/core/backup_set.py | src/core/sqlite_backup.py | tests/test_backup_set_snapshot.py,none,source: 完全重构计划.md:665 | done_at:2026-02-03 | test:py -3.11 -m pytest -q tests/test_backup_set_snapshot.py
ANE-0053,[0.7] manifest.json（记录：时间戳、app version、project_path（脱敏/相对）、project.db schema version、vectors ...,From 完全重构计划.md:666. Epic 0.7 (数据安全基线：备份/恢复机制（重构前必须可用）). Task: manifest.json（记录：时间戳、app version、project_path（脱敏/相对）、project.db schema version、vectors embedding_model/维度/chunk 参数版本）,Implemented this requirement without violating the epic Must NOT do constraints; epic acceptance checklist still passes.,python -m compileall -q src (and when env ready: pytest -q),manual,DONE,DONE,TODO,src/core/backup_set.py | src/__init__.py | tests/test_backup_set_manifest.py,none,source: 完全重构计划.md:666 | done_at:2026-02-03 | test:py -3.11 -m pytest -q tests/test_backup_set_manifest.py
ANE-0054,[0.7] 接入点（必须写死）：,From 完全重构计划.md:667. Epic 0.7 (数据安全基线：备份/恢复机制（重构前必须可用）). Task: 接入点（必须写死）：,Implemented this requirement without violating the epic Must NOT do constraints; epic acceptance checklist still passes.,py -3.11 -m compileall -q src | py -3.11 -m pytest -q tests/test_database_migration_backup.py,manual,DONE,DONE,TODO,docs/security/backup-entrypoints.md | docs/security/backup-triggers.md,none,source: 完全重构计划.md:667 | done_at:2026-02-03 | evidence:docs/security/backup-entrypoints.md; py -3.11 -m pytest -q tests/test_database_migration_backup.py OK
ANE-0055,[0.7] src/core/database_manager.py：进入 _migrate_database() 前调用 backup。,From 完全重构计划.md:668. Epic 0.7 (数据安全基线：备份/恢复机制（重构前必须可用）). Task: src/core/database_manager.py：进入 _migrate_database() 前调用 backup。,Implemented this requirement without violating the epic Must NOT do constraints; epic acceptance checklist still passes.,py -3.11 -m compileall -q src | py -3.11 -m pytest -q tests/test_database_migration_backup.py,manual,DONE,DONE,TODO,src/core/database_manager.py | tests/test_database_migration_backup.py,none,source: 完全重构计划.md:668 | done_at:2026-02-03 | evidence:pre-migration backup created in project_dir/backups; py -3.11 -m pytest -q tests/test_database_migration_backup.py OK
ANE-0056,[0.7] src/gui/dialogs/import_dialog.py / src/gui/dialogs/import_export_dialog.py：执行导入前先备份。,From 完全重构计划.md:669. Epic 0.7 (数据安全基线：备份/恢复机制（重构前必须可用）). Task: src/gui/dialogs/import_dialog.py / src/gui/dialogs/import_export_dialog.py：执行导入前先备份。,Implemented this requirement without violating the epic Must NOT do constraints; epic acceptance checklist still passes.,python -m compileall -q src (and when env ready: pytest -q),manual,DONE,DONE,TODO,src/core/backup_workflows.py | src/gui/dialogs/import_dialog.py | src/gui/dialogs/import_export_dialog.py | tests/test_backup_workflows.py,none,source: 完全重构计划.md:669 | done_at:2026-02-03 | validation_limited:py -3.11 -m pytest -q fails in collection (missing ghost_text_* modules) | manual_test:Open Import/Export dialog -> 导入 -> start import -> confirm backup set created under <project>/backups/<timestamp>/manifest.json | evidence:py -3.11 -m pytest -q tests/test_backup_workflows.py tests/test_backup_set_snapshot.py tests/test_backup_set_manifest.py OK | risk:medium full pytest currently fails; change covered by workflow + unit tests
ANE-0057,[0.7] src/core/project.py：执行递归删除（remove_document）前先备份（或由 controller 层统一备份）。,From 完全重构计划.md:670. Epic 0.7 (数据安全基线：备份/恢复机制（重构前必须可用）). Task: src/core/project.py：执行递归删除（remove_document）前先备份（或由 controller 层统一备份）。,Implemented this requirement without violating the epic Must NOT do constraints; epic acceptance checklist still passes.,python -m compileall -q src (and when env ready: pytest -q),manual,DONE,DONE,TODO,src/core/project.py | src/core/backup_workflows.py | tests/test_project_remove_document_backup.py,none,source: 完全重构计划.md:670 | done_at:2026-02-03 | validation_limited:py -3.11 -m pytest -q fails in collection (missing ghost_text_* modules) | manual_test:Open project -> delete Act/Chapter with children -> confirm backup set created under <project>/backups/<timestamp>/manifest.json before delete | evidence:py -3.11 -m pytest -q tests/test_project_remove_document_backup.py tests/test_backup_workflows.py OK | risk:medium full pytest currently fails; delete path covered by unit test
ANE-0058,[0.7] src/core/sqlite_vector_store.py：执行 clear_all() 或“重建索引”前备份。,From 完全重构计划.md:671. Epic 0.7 (数据安全基线：备份/恢复机制（重构前必须可用）). Task: src/core/sqlite_vector_store.py：执行 clear_all() 或“重建索引”前备份。,Implemented this requirement without violating the epic Must NOT do constraints; epic acceptance checklist still passes.,python -m compileall -q src (and when env ready: pytest -q),manual,DONE,DONE,TODO,src/core/sqlite_vector_store.py | src/core/backup_workflows.py | tests/test_vector_store_clear_all_backup.py,none,source: 完全重构计划.md:671 | done_at:2026-02-03 | validation_limited:py -3.11 -m pytest -q fails in collection (missing ghost_text_* modules) | manual_test:Trigger clear_all_indexes -> confirm ~/.ai-novel-editor/backups/<timestamp>/vectors.db + manifest.json created before delete | evidence:py -3.11 -m pytest -q tests/test_vector_store_clear_all_backup.py tests/test_backup_workflows.py OK | risk:medium full pytest currently fails; clear_all backup enforced by unit test
ANE-0059,[0.7] 提供恢复入口（GUI 菜单或 CLI 工具）：,From 完全重构计划.md:672. Epic 0.7 (数据安全基线：备份/恢复机制（重构前必须可用）). Task: 提供恢复入口（GUI 菜单或 CLI 工具）：,Implemented this requirement without violating the epic Must NOT do constraints; epic acceptance checklist still passes.,python -m compileall -q src (and when env ready: pytest -q),manual,TODO,TODO,TODO,TBD,none,source: 完全重构计划.md:672
ANE-0060,[0.7] GUI：设置/项目菜单中提供“从备份恢复”,From 完全重构计划.md:673. Epic 0.7 (数据安全基线：备份/恢复机制（重构前必须可用）). Task: GUI：设置/项目菜单中提供“从备份恢复”,Implemented this requirement without violating the epic Must NOT do constraints; epic acceptance checklist still passes.,python -m compileall -q src (and when env ready: pytest -q),manual,TODO,TODO,TODO,TBD,none,source: 完全重构计划.md:673
ANE-0061,[0.7] CLI：python -m tools.restore_backup --project <path> --backup <timestamp>（执行阶段实现）,From 完全重构计划.md:674. Epic 0.7 (数据安全基线：备份/恢复机制（重构前必须可用）). Task: CLI：python -m tools.restore_backup --project <path> --backup <timestamp>（执行阶段实现）,Implemented this requirement without violating the epic Must NOT do constraints; epic acceptance checklist still passes.,python -m compileall -q src (and when env ready: pytest -q),manual,TODO,TODO,TODO,TBD,none,source: 完全重构计划.md:674
ANE-0062,[0.7] BackupService v1（写死，给执行者一个可直接开工的接口面）：,From 完全重构计划.md:676. Epic 0.7 (数据安全基线：备份/恢复机制（重构前必须可用）). Task: BackupService v1（写死，给执行者一个可直接开工的接口面）：,Implemented this requirement without violating the epic Must NOT do constraints; epic acceptance checklist still passes.,python -m compileall -q src (and when env ready: pytest -q),manual,TODO,TODO,TODO,TBD,none,source: 完全重构计划.md:676
ANE-0063,[0.7] Phase 1 落点（写死）：src/core/backup_service.py（先放 core，后续再迁移到 infrastructure；先保证可用与一致性）,From 完全重构计划.md:677. Epic 0.7 (数据安全基线：备份/恢复机制（重构前必须可用）). Task: Phase 1 落点（写死）：src/core/backup_service.py（先放 core，后续再迁移到 infrastructure；先保证可用与一致性）,Implemented this requirement without violating the epic Must NOT do constraints; epic acceptance checklist still passes.,python -m compileall -q src (and when env ready: pytest -q),manual,DONE,DONE,TODO,src/core/backup_service.py | tests/test_backup_service_import.py,none,source: 完全重构计划.md:677 | done_at:2026-02-03 | validation_limited:py -3.11 -m pytest -q fails in collection (missing ghost_text_* modules) | manual_test:none | evidence:py -3.11 -m pytest -q tests/test_backup_service_import.py OK | risk:low module landing point only
ANE-0064,[0.7] 最小 API（写死）：,From 完全重构计划.md:678. Epic 0.7 (数据安全基线：备份/恢复机制（重构前必须可用）). Task: 最小 API（写死）：,Implemented this requirement without violating the epic Must NOT do constraints; epic acceptance checklist still passes.,python -m compileall -q src (and when env ready: pytest -q),manual,TODO,TODO,TODO,TBD,none,source: 完全重构计划.md:678
ANE-0065,"[0.7] create_backup_set(project_path: Path, db_paths: list[Path], reason: str) -> Path（返回 bac...","From 完全重构计划.md:679. Epic 0.7 (数据安全基线：备份/恢复机制（重构前必须可用）). Task: create_backup_set(project_path: Path, db_paths: list[Path], reason: str) -> Path（返回 backup_dir）",Implemented this requirement without violating the epic Must NOT do constraints; epic acceptance checklist still passes.,python -m compileall -q src (and when env ready: pytest -q),manual,DONE,DONE,TODO,src/core/backup_service.py | src/core/backup_set.py | tests/test_backup_service_create_backup_set.py,none,source: 完全重构计划.md:679 | done_at:2026-02-03 | validation_limited:py -3.11 -m pytest -q fails in collection (missing ghost_text_* modules) | manual_test:none | evidence:py -3.11 -m pytest -q tests/test_backup_service_create_backup_set.py OK | risk:low create_backup_set covered by unit test
ANE-0066,"[0.7] restore_backup_set(project_path: Path, backup_dir: Path) -> None","From 完全重构计划.md:680. Epic 0.7 (数据安全基线：备份/恢复机制（重构前必须可用）). Task: restore_backup_set(project_path: Path, backup_dir: Path) -> None",Implemented this requirement without violating the epic Must NOT do constraints; epic acceptance checklist still passes.,python -m compileall -q src (and when env ready: pytest -q),manual,DONE,DONE,TODO,src/core/backup_service.py | tests/test_backup_service_restore_backup_set.py,none,source: 完全重构计划.md:680 | done_at:2026-02-03 | validation_limited:py -3.11 -m pytest -q fails in collection (missing ghost_text_* modules) | manual_test:none | evidence:py -3.11 -m pytest -q tests/test_backup_service_restore_backup_set.py OK | risk:low restore path covered by unit test
ANE-0067,[0.7] list_backup_sets(project_path: Path) -> list[dict]（用于 GUI 列表展示）,From 完全重构计划.md:681. Epic 0.7 (数据安全基线：备份/恢复机制（重构前必须可用）). Task: list_backup_sets(project_path: Path) -> list[dict]（用于 GUI 列表展示）,Implemented this requirement without violating the epic Must NOT do constraints; epic acceptance checklist still passes.,python -m compileall -q src (and when env ready: pytest -q),manual,DONE,DONE,TODO,src/core/backup_service.py | tests/test_backup_service_list_backup_sets.py,none,source: 完全重构计划.md:681 | done_at:2026-02-03 | validation_limited:pytest -q fails in collection (ModuleNotFoundError: archive; ghost_text_*) | manual_test:none | evidence:pytest -q tests/test_backup_service_list_backup_sets.py OK; python -m compileall -q src OK | risk:low list_backup_sets covered by unit test
ANE-0068,[0.7] 失败策略（写死，默认保守）：,From 完全重构计划.md:682. Epic 0.7 (数据安全基线：备份/恢复机制（重构前必须可用）). Task: 失败策略（写死，默认保守）：,Implemented this requirement without violating the epic Must NOT do constraints; epic acceptance checklist still passes.,python -m compileall -q src (and when env ready: pytest -q),manual,TODO,TODO,TODO,TBD,none,source: 完全重构计划.md:682
ANE-0069,[0.7] migration/导入/clear_all/rebuild 等“危险操作”开始前若备份失败：默认阻止该操作并提示用户（允许高级开关跳过，但默认禁用）。,From 完全重构计划.md:683. Epic 0.7 (数据安全基线：备份/恢复机制（重构前必须可用）). Task: migration/导入/clear_all/rebuild 等“危险操作”开始前若备份失败：默认阻止该操作并提示用户（允许高级开关跳过，但默认禁用）。,Implemented this requirement without violating the epic Must NOT do constraints; epic acceptance checklist still passes.,python -m compileall -q src (and when env ready: pytest -q),manual,TODO,TODO,TODO,TBD,none,source: 完全重构计划.md:683
ANE-0070,[0.7] manifest.json 示例（写死，便于实现与验收）：,From 完全重构计划.md:685. Epic 0.7 (数据安全基线：备份/恢复机制（重构前必须可用）). Task: manifest.json 示例（写死，便于实现与验收）：,Implemented this requirement without violating the epic Must NOT do constraints; epic acceptance checklist still passes.,python -m compileall -q src (and when env ready: pytest -q),manual,TODO,TODO,TODO,TBD,none,source: 完全重构计划.md:685
ANE-0071,[EPIC 0.8] 任务系统定稿：TaskManager v1（统一取消/去重/节流/错误上报）,Epic extracted from 完全重构计划.md:719. Scope: implement the full epic end-to-end while preserving existing behavior/data compatibility.,docs/architecture/tasks.md 存在并可指导实现（包含 API、key 规范、示例）。 | 任何接入点都能在 UI 中触发取消，且取消后不会继续写 DB/写 UI。,python -m compileall -q src (and when env ready: pytest -q),manual,TODO,TODO,TODO,src/core/ai_qt_client.py | src/gui/editor/smart_completion_manager.py | src/core/rag_service.py,none,source: 完全重构计划.md:719
ANE-0072,[0.8] 在 docs/architecture/tasks.md 写死：TaskManager v1 API、key 命名规范、取消语义、错误上报路径。,From 完全重构计划.md:722. Epic 0.8 (任务系统定稿：TaskManager v1（统一取消/去重/节流/错误上报）). Task: 在 docs/architecture/tasks.md 写死：TaskManager v1 API、key 命名规范、取消语义、错误上报路径。,Implemented this requirement without violating the epic Must NOT do constraints; epic acceptance checklist still passes.,python -m compileall -q src (and when env ready: pytest -q),manual,DONE,DONE,TODO,docs/architecture/tasks.md,none,source: 完全重构计划.md:722 | done_at:2026-02-03 | validation_limited:pytest -q fails in collection (ModuleNotFoundError: archive; ghost_text_*) | manual_test:none | evidence:created docs/architecture/tasks.md; python -m compileall -q src OK | risk:low docs-only
ANE-0073,[0.8] Phase 1 落点（写死）：,From 完全重构计划.md:723. Epic 0.8 (任务系统定稿：TaskManager v1（统一取消/去重/节流/错误上报）). Task: Phase 1 落点（写死）：,Implemented this requirement without violating the epic Must NOT do constraints; epic acceptance checklist still passes.,python -m compileall -q src (and when env ready: pytest -q),manual,DONE,DONE,TODO,docs/architecture/tasks.md | src/gui/services/task_manager.py | src/gui/services/index_scheduler.py,none,source: 完全重构计划.md:723 | done_at:2026-02-03 | validation_limited:pytest -q fails in collection (ModuleNotFoundError: archive; ghost_text_*) | manual_test:none | evidence:docs/reviews/ANE-0073.md; python -m compileall -q src OK | risk:low documentation + module stubs
ANE-0074,[0.8] TaskManager 主实现：src/gui/services/task_manager.py（Qt 线程池/信号适配最直接）,From 完全重构计划.md:724. Epic 0.8 (任务系统定稿：TaskManager v1（统一取消/去重/节流/错误上报）). Task: TaskManager 主实现：src/gui/services/task_manager.py（Qt 线程池/信号适配最直接）,Implemented this requirement without violating the epic Must NOT do constraints; epic acceptance checklist still passes.,python -m compileall -q src (and when env ready: pytest -q),manual,DONE,DONE,TODO,src/gui/services/task_manager.py,none,source: 完全重构计划.md:724 | done_at:2026-02-03 | validation_limited:pytest -q fails in collection (ModuleNotFoundError: archive; ghost_text_*) | manual_test:none | evidence:added src/gui/services/task_manager.py; python -m compileall -q src OK | risk:medium new async/task infra not yet integrated
ANE-0075,[0.8] 任务编排（索引/节流）：src/gui/services/index_scheduler.py,From 完全重构计划.md:725. Epic 0.8 (任务系统定稿：TaskManager v1（统一取消/去重/节流/错误上报）). Task: 任务编排（索引/节流）：src/gui/services/index_scheduler.py,Implemented this requirement without violating the epic Must NOT do constraints; epic acceptance checklist still passes.,python -m compileall -q src (and when env ready: pytest -q),manual,DONE,DONE,TODO,src/gui/services/index_scheduler.py,none,source: 完全重构计划.md:725 | done_at:2026-02-03 | validation_limited:pytest -q fails in collection (ModuleNotFoundError: archive; ghost_text_*) | manual_test:none | evidence:added src/gui/services/index_scheduler.py; python -m compileall -q src OK | risk:medium new scheduler infra not yet integrated
ANE-0076,[0.8] 选取 3 个高频/高风险任务作为“第一批接入点”（写死）：,From 完全重构计划.md:726. Epic 0.8 (任务系统定稿：TaskManager v1（统一取消/去重/节流/错误上报）). Task: 选取 3 个高频/高风险任务作为“第一批接入点”（写死）：,Implemented this requirement without violating the epic Must NOT do constraints; epic acceptance checklist still passes.,python -m compileall -q src (and when env ready: pytest -q),manual,DONE,DONE,TODO,docs/architecture/tasks.md,none,source: 完全重构计划.md:726 | done_at:2026-02-03 | validation_limited:pytest -q fails in collection (ModuleNotFoundError: archive; ghost_text_*) | manual_test:none | evidence:docs/reviews/ANE-0076.md; python -m compileall -q src OK | risk:low documentation only
ANE-0077,[0.8] RAG 索引（全量/增量）,From 完全重构计划.md:727. Epic 0.8 (任务系统定稿：TaskManager v1（统一取消/去重/节流/错误上报）). Task: RAG 索引（全量/增量）,Implemented this requirement without violating the epic Must NOT do constraints; epic acceptance checklist still passes.,python -m compileall -q src (and when env ready: pytest -q),manual,DONE,DONE,TODO,docs/architecture/tasks.md | src/gui/services/index_scheduler.py,none,source: 完全重构计划.md:727 | done_at:2026-02-03 | validation_limited:pytest -q fails in collection (ModuleNotFoundError: archive; ghost_text_*) | manual_test:none | evidence:docs/reviews/ANE-0077.md; python -m compileall -q src OK | risk:medium scheduler exists but not fully wired into UI yet
ANE-0078,[0.8] Codex 引用检测（节流）,From 完全重构计划.md:728. Epic 0.8 (任务系统定稿：TaskManager v1（统一取消/去重/节流/错误上报）). Task: Codex 引用检测（节流）,Implemented this requirement without violating the epic Must NOT do constraints; epic acceptance checklist still passes.,python -m compileall -q src (and when env ready: pytest -q),manual,DONE,DONE,TODO,docs/architecture/tasks.md,none,source: 完全重构计划.md:728 | done_at:2026-02-03 | validation_limited:pytest -q fails in collection (ModuleNotFoundError: archive; ghost_text_*) | manual_test:none | evidence:docs/reviews/ANE-0078.md; python -m compileall -q src OK | risk:medium documented contract; implementation follows in later issues
ANE-0079,[0.8] AI completion 请求（可取消/超时）,From 完全重构计划.md:729. Epic 0.8 (任务系统定稿：TaskManager v1（统一取消/去重/节流/错误上报）). Task: AI completion 请求（可取消/超时）,Implemented this requirement without violating the epic Must NOT do constraints; epic acceptance checklist still passes.,python -m compileall -q src (and when env ready: pytest -q),manual,DONE,DONE,TODO,docs/architecture/tasks.md | src/core/ai_qt_client.py,none,source: 完全重构计划.md:729 | done_at:2026-02-03 | validation_limited:pytest -q fails in collection (ModuleNotFoundError: archive; ghost_text_*) | manual_test:none | evidence:docs/reviews/ANE-0079.md; python -m compileall -q src OK | risk:medium documented contract; implementation follows in later issues
ANE-0080,[0.8] 现存并发实现清单（写死，便于替换/收敛）：,From 完全重构计划.md:730. Epic 0.8 (任务系统定稿：TaskManager v1（统一取消/去重/节流/错误上报）). Task: 现存并发实现清单（写死，便于替换/收敛）：,Implemented this requirement without violating the epic Must NOT do constraints; epic acceptance checklist still passes.,python -m compileall -q src (and when env ready: pytest -q),manual,DONE,DONE,TODO,docs/architecture/tasks.md | docs/reviews/ANE-0081.md | docs/reviews/ANE-0082.md | docs/reviews/ANE-0083.md,none,source: 完全重构计划.md:730 | done_at:2026-02-03 | validation_limited:pytest -q fails in collection (ModuleNotFoundError: archive; ghost_text_*) | manual_test:none | evidence:docs/reviews/ANE-0080.md; python -m compileall -q src OK | risk:low inventory only
ANE-0081,[0.8] core 自动索引线程（应移出 core）：src/core/project.py:173-177（create_project）/ src/core/project.py:...,From 完全重构计划.md:731. Epic 0.8 (任务系统定稿：TaskManager v1（统一取消/去重/节流/错误上报）). Task: core 自动索引线程（应移出 core）：src/core/project.py:173-177（create_project）/ src/core/project.py:210-214（open_project）调用 _trigger_auto_indexing_async(),Implemented this requirement without violating the epic Must NOT do constraints; epic acceptance checklist still passes.,python -m compileall -q src (and when env ready: pytest -q),manual,DONE,DONE,TODO,src/core/project.py:173-177 | src/core/project.py:210-214,none,source: 完全重构计划.md:731 | done_at:2026-02-03 | validation_limited:pytest -q fails in collection (ModuleNotFoundError: archive; ghost_text_*) | manual_test:none | evidence:docs/reviews/ANE-0081.md; python -m compileall -q src OK | risk:low documentation/inventory only
ANE-0082,[0.8] completion/AI 请求线程：src/core/ai_qt_client.py:20 AIWorkerThread(QThread),From 完全重构计划.md:732. Epic 0.8 (任务系统定稿：TaskManager v1（统一取消/去重/节流/错误上报）). Task: completion/AI 请求线程：src/core/ai_qt_client.py:20 AIWorkerThread(QThread),Implemented this requirement without violating the epic Must NOT do constraints; epic acceptance checklist still passes.,python -m compileall -q src (and when env ready: pytest -q),manual,DONE,DONE,TODO,src/core/ai_qt_client.py:20,none,source: 完全重构计划.md:732 | done_at:2026-02-03 | validation_limited:pytest -q fails in collection (ModuleNotFoundError: archive; ghost_text_*) | manual_test:none | evidence:docs/reviews/ANE-0082.md; python -m compileall -q src OK | risk:low documentation/inventory only
ANE-0083,[0.8] UI 保存后索引线程池：src/gui/main_window.py:645-736（_on_save()、_delayed_index_document()、_on_doc...,From 完全重构计划.md:733. Epic 0.8 (任务系统定稿：TaskManager v1（统一取消/去重/节流/错误上报）). Task: UI 保存后索引线程池：src/gui/main_window.py:645-736（_on_save()、_delayed_index_document()、_on_document_saved_auto_index()）,Implemented this requirement without violating the epic Must NOT do constraints; epic acceptance checklist still passes.,python -m compileall -q src (and when env ready: pytest -q),manual,DONE,DONE,TODO,src/gui/main_window.py:645-736,none,source: 完全重构计划.md:733 | done_at:2026-02-03 | validation_limited:pytest -q fails in collection (ModuleNotFoundError: archive; ghost_text_*) | manual_test:none | evidence:docs/reviews/ANE-0083.md; python -m compileall -q src OK | risk:low documentation/inventory only
ANE-0084,[0.8] key 规范与示例（写死，避免执行期自造导致不可取消/不可去重）：,From 完全重构计划.md:735. Epic 0.8 (任务系统定稿：TaskManager v1（统一取消/去重/节流/错误上报）). Task: key 规范与示例（写死，避免执行期自造导致不可取消/不可去重）：,Implemented this requirement without violating the epic Must NOT do constraints; epic acceptance checklist still passes.,python -m compileall -q src (and when env ready: pytest -q),manual,DONE,DONE,TODO,docs/architecture/tasks.md,none,source: 完全重构计划.md:735 | done_at:2026-02-03 | validation_limited:pytest -q fails in collection (ModuleNotFoundError: archive; ghost_text_*) | manual_test:none | evidence:docs/reviews/ANE-0084.md; python -m compileall -q src OK | risk:low documentation only
ANE-0085,[0.8] rag/index/full_scan,From 完全重构计划.md:736. Epic 0.8 (任务系统定稿：TaskManager v1（统一取消/去重/节流/错误上报）). Task: rag/index/full_scan,Implemented this requirement without violating the epic Must NOT do constraints; epic acceptance checklist still passes.,python -m compileall -q src (and when env ready: pytest -q),manual,DONE,DONE,TODO,docs/architecture/tasks.md,none,source: 完全重构计划.md:736 | done_at:2026-02-03 | validation_limited:pytest -q fails in collection (ModuleNotFoundError: archive; ghost_text_*) | manual_test:none | evidence:docs/reviews/ANE-0085.md; python -m compileall -q src OK | risk:low documentation only
ANE-0086,[0.8] rag/index/doc:{document_id},From 完全重构计划.md:737. Epic 0.8 (任务系统定稿：TaskManager v1（统一取消/去重/节流/错误上报）). Task: rag/index/doc:{document_id},Implemented this requirement without violating the epic Must NOT do constraints; epic acceptance checklist still passes.,python -m compileall -q src (and when env ready: pytest -q),manual,DONE,DONE,TODO,docs/architecture/tasks.md,none,source: 完全重构计划.md:737 | done_at:2026-02-03 | validation_limited:pytest -q fails in collection (ModuleNotFoundError: archive; ghost_text_*) | manual_test:none | evidence:docs/reviews/ANE-0086.md; python -m compileall -q src OK | risk:low documentation only
ANE-0087,[0.8] rag/rebuild,From 完全重构计划.md:738. Epic 0.8 (任务系统定稿：TaskManager v1（统一取消/去重/节流/错误上报）). Task: rag/rebuild,Implemented this requirement without violating the epic Must NOT do constraints; epic acceptance checklist still passes.,python -m compileall -q src (and when env ready: pytest -q),manual,DONE,DONE,TODO,docs/architecture/tasks.md,none,source: 完全重构计划.md:738 | done_at:2026-02-03 | validation_limited:pytest -q fails in collection (ModuleNotFoundError: archive; ghost_text_*) | manual_test:none | evidence:docs/reviews/ANE-0087.md; python -m compileall -q src OK | risk:low documentation only
ANE-0088,[0.8] codex/ref_detect/doc:{document_id},From 完全重构计划.md:739. Epic 0.8 (任务系统定稿：TaskManager v1（统一取消/去重/节流/错误上报）). Task: codex/ref_detect/doc:{document_id},Implemented this requirement without violating the epic Must NOT do constraints; epic acceptance checklist still passes.,python -m compileall -q src (and when env ready: pytest -q),manual,DONE,DONE,TODO,docs/architecture/tasks.md,none,source: 完全重构计划.md:739 | done_at:2026-02-03 | validation_limited:pytest -q fails in collection (ModuleNotFoundError: archive; ghost_text_*) | manual_test:none | evidence:docs/reviews/ANE-0088.md; python -m compileall -q src OK | risk:low documentation only
ANE-0089,[0.8] codex/ref_detect/full_scan,From 完全重构计划.md:740. Epic 0.8 (任务系统定稿：TaskManager v1（统一取消/去重/节流/错误上报）). Task: codex/ref_detect/full_scan,Implemented this requirement without violating the epic Must NOT do constraints; epic acceptance checklist still passes.,python -m compileall -q src (and when env ready: pytest -q),manual,DONE,DONE,TODO,docs/architecture/tasks.md,none,source: 完全重构计划.md:740 | done_at:2026-02-03 | validation_limited:pytest -q fails in collection (ModuleNotFoundError: archive; ghost_text_*) | manual_test:none | evidence:docs/reviews/ANE-0089.md; python -m compileall -q src OK | risk:low documentation only
ANE-0090,[0.8] ai/complete/request:{editor_id},From 完全重构计划.md:741. Epic 0.8 (任务系统定稿：TaskManager v1（统一取消/去重/节流/错误上报）). Task: ai/complete/request:{editor_id},Implemented this requirement without violating the epic Must NOT do constraints; epic acceptance checklist still passes.,python -m compileall -q src (and when env ready: pytest -q),manual,TODO,TODO,TODO,TBD,none,source: 完全重构计划.md:741
ANE-0091,[0.8] ai/complete/stream:{editor_id},From 完全重构计划.md:742. Epic 0.8 (任务系统定稿：TaskManager v1（统一取消/去重/节流/错误上报）). Task: ai/complete/stream:{editor_id},Implemented this requirement without violating the epic Must NOT do constraints; epic acceptance checklist still passes.,python -m compileall -q src (and when env ready: pytest -q),manual,TODO,TODO,TODO,TBD,none,source: 完全重构计划.md:742
ANE-0092,[0.8] outline/refresh,From 完全重构计划.md:743. Epic 0.8 (任务系统定稿：TaskManager v1（统一取消/去重/节流/错误上报）). Task: outline/refresh,Implemented this requirement without violating the epic Must NOT do constraints; epic acceptance checklist still passes.,python -m compileall -q src (and when env ready: pytest -q),manual,TODO,TODO,TODO,TBD,none,source: 完全重构计划.md:743
ANE-0093,[0.8] import/project,From 完全重构计划.md:744. Epic 0.8 (任务系统定稿：TaskManager v1（统一取消/去重/节流/错误上报）). Task: import/project,Implemented this requirement without violating the epic Must NOT do constraints; epic acceptance checklist still passes.,python -m compileall -q src (and when env ready: pytest -q),manual,TODO,TODO,TODO,TBD,none,source: 完全重构计划.md:744
ANE-0094,[0.8] export/project,From 完全重构计划.md:745. Epic 0.8 (任务系统定稿：TaskManager v1（统一取消/去重/节流/错误上报）). Task: export/project,Implemented this requirement without violating the epic Must NOT do constraints; epic acceptance checklist still passes.,python -m compileall -q src (and when env ready: pytest -q),manual,TODO,TODO,TODO,TBD,none,source: 完全重构计划.md:745
ANE-0095,[0.8] 替换顺序（写死，避免双触发与竞态）：,From 完全重构计划.md:747. Epic 0.8 (任务系统定稿：TaskManager v1（统一取消/去重/节流/错误上报）). Task: 替换顺序（写死，避免双触发与竞态）：,Implemented this requirement without violating the epic Must NOT do constraints; epic acceptance checklist still passes.,python -m compileall -q src (and when env ready: pytest -q),manual,TODO,TODO,TODO,TBD,none,source: 完全重构计划.md:747
ANE-0096,[EPIC 1.1] 统一测试入口（保留 unittest，新增 pytest 作为新入口）,Epic extracted from 完全重构计划.md:770. Scope: implement the full epic end-to-end while preserving existing behavior/data compatibility.,python -m unittest discover tests → PASS | pytest -q（至少 1 条 smoke）→ PASS,python -m compileall -q src (and when env ready: pytest -q),manual,TODO,TODO,TODO,requirements.txt:8 | src/gui/main_window.py,none,source: 完全重构计划.md:770
ANE-0097,[1.1] 确保 python -m unittest discover tests 可跑（修复路径注入、缺失依赖提示）。,From 完全重构计划.md:773. Epic 1.1 (统一测试入口（保留 unittest，新增 pytest 作为新入口）). Task: 确保 python -m unittest discover tests 可跑（修复路径注入、缺失依赖提示）。,Implemented this requirement without violating the epic Must NOT do constraints; epic acceptance checklist still passes.,python -m compileall -q src (and when env ready: pytest -q),manual,TODO,TODO,TODO,TBD,none,source: 完全重构计划.md:773
ANE-0098,[1.1] 引入 pytest + pytest-qt：新增最小 smoke 测试（启动主窗口 + 退出）。,From 完全重构计划.md:774. Epic 1.1 (统一测试入口（保留 unittest，新增 pytest 作为新入口）). Task: 引入 pytest + pytest-qt：新增最小 smoke 测试（启动主窗口 + 退出）。,Implemented this requirement without violating the epic Must NOT do constraints; epic acceptance checklist still passes.,python -m compileall -q src (and when env ready: pytest -q),manual,TODO,TODO,TODO,TBD,none,source: 完全重构计划.md:774
ANE-0099,[1.1] 依赖落地（写死）：,From 完全重构计划.md:775. Epic 1.1 (统一测试入口（保留 unittest，新增 pytest 作为新入口）). Task: 依赖落地（写死）：,Implemented this requirement without violating the epic Must NOT do constraints; epic acceptance checklist still passes.,python -m compileall -q src (and when env ready: pytest -q),manual,TODO,TODO,TODO,TBD,none,source: 完全重构计划.md:775
ANE-0100,[1.1] pytest 已在 requirements.txt:8,From 完全重构计划.md:776. Epic 1.1 (统一测试入口（保留 unittest，新增 pytest 作为新入口）). Task: pytest 已在 requirements.txt:8,Implemented this requirement without violating the epic Must NOT do constraints; epic acceptance checklist still passes.,python -m compileall -q src (and when env ready: pytest -q),manual,DONE,DONE,TODO,requirements.txt:8,none,source: 完全重构计划.md:776 | done_at:2026-02-03 | validation_limited:pytest -q fails in collection (ModuleNotFoundError: archive; ghost_text_*) | manual_test:none | evidence:docs/reviews/ANE-0100.md; python -m compileall -q src OK | risk:low requirements-only
ANE-0101,[1.1] pytest-qt 目前不在 requirements 中 → 作为 dev 依赖加入 pyproject.toml 或 requirements-dev.txt（与 0.4...,From 完全重构计划.md:777. Epic 1.1 (统一测试入口（保留 unittest，新增 pytest 作为新入口）). Task: pytest-qt 目前不在 requirements 中 → 作为 dev 依赖加入 pyproject.toml 或 requirements-dev.txt（与 0.4 对齐）,Implemented this requirement without violating the epic Must NOT do constraints; epic acceptance checklist still passes.,python -m compileall -q src (and when env ready: pytest -q),manual,TODO,TODO,TODO,TBD,none,source: 完全重构计划.md:777
ANE-0102,[1.1] smoke 测试文件位置（写死）：tests/gui/test_smoke_main_window.py,From 完全重构计划.md:778. Epic 1.1 (统一测试入口（保留 unittest，新增 pytest 作为新入口）). Task: smoke 测试文件位置（写死）：tests/gui/test_smoke_main_window.py,Implemented this requirement without violating the epic Must NOT do constraints; epic acceptance checklist still passes.,python -m compileall -q src (and when env ready: pytest -q),manual,TODO,TODO,TODO,TBD,none,source: 完全重构计划.md:778
ANE-0103,[EPIC 1.2] Golden Master：为 AI 上下文/提示词/RAG 查询建立固定用例,Epic extracted from 完全重构计划.md:789. Scope: implement the full epic end-to-end while preserving existing behavior/data compatibility.,关键输入的输出稳定（脱敏后 diff 为 0）。 | RAG 结果回归标准（写死、可测）：,python -m compileall -q src (and when env ready: pytest -q),manual,TODO,TODO,TODO,src/gui/ai/enhanced_ai_manager.py:38 | src/gui/ai/enhanced_ai_manager.py:417 | src/core/rag_service.py | src/core/rag_service.py:268-361 | src/core/sqlite_vector_store.py:280,none,source: 完全重构计划.md:789
ANE-0104,[1.2] 固定一小段中文小说文本 + 一个小型项目树（写死构造方式，避免“内置 demo 在哪？”的不确定）：,From 完全重构计划.md:792. Epic 1.2 (Golden Master：为 AI 上下文/提示词/RAG 查询建立固定用例). Task: 固定一小段中文小说文本 + 一个小型项目树（写死构造方式，避免“内置 demo 在哪？”的不确定）：,Implemented this requirement without violating the epic Must NOT do constraints; epic acceptance checklist still passes.,python -m compileall -q src (and when env ready: pytest -q),manual,TODO,TODO,TODO,TBD,none,source: 完全重构计划.md:792
ANE-0105,[1.2] 通过 ProjectManager.create_project() 在临时目录生成一个最小项目（Act/Chapter/Scene + 少量正文）。,From 完全重构计划.md:793. Epic 1.2 (Golden Master：为 AI 上下文/提示词/RAG 查询建立固定用例). Task: 通过 ProjectManager.create_project() 在临时目录生成一个最小项目（Act/Chapter/Scene + 少量正文）。,Implemented this requirement without violating the epic Must NOT do constraints; epic acceptance checklist still passes.,python -m compileall -q src (and when env ready: pytest -q),manual,TODO,TODO,TODO,TBD,none,source: 完全重构计划.md:793
ANE-0106,[1.2] 或在 tests/fixtures/ 提供生成脚本（不提交二进制 db）。,From 完全重构计划.md:794. Epic 1.2 (Golden Master：为 AI 上下文/提示词/RAG 查询建立固定用例). Task: 或在 tests/fixtures/ 提供生成脚本（不提交二进制 db）。,Implemented this requirement without violating the epic Must NOT do constraints; epic acceptance checklist still passes.,python -m compileall -q src (and when env ready: pytest -q),manual,TODO,TODO,TODO,TBD,none,source: 完全重构计划.md:794
ANE-0107,[1.2] 对以下模块建立“输入 → 输出”快照测试：,From 完全重构计划.md:795. Epic 1.2 (Golden Master：为 AI 上下文/提示词/RAG 查询建立固定用例). Task: 对以下模块建立“输入 → 输出”快照测试：,Implemented this requirement without violating the epic Must NOT do constraints; epic acceptance checklist still passes.,python -m compileall -q src (and when env ready: pytest -q),manual,TODO,TODO,TODO,TBD,none,source: 完全重构计划.md:795
ANE-0108,[1.2] 上下文抽取（ContextCollector）,From 完全重构计划.md:796. Epic 1.2 (Golden Master：为 AI 上下文/提示词/RAG 查询建立固定用例). Task: 上下文抽取（ContextCollector）,Implemented this requirement without violating the epic Must NOT do constraints; epic acceptance checklist still passes.,python -m compileall -q src (and when env ready: pytest -q),manual,TODO,TODO,TODO,TBD,none,source: 完全重构计划.md:796
ANE-0109,[1.2] Prompt 生成（DynamicPromptGenerator）,From 完全重构计划.md:797. Epic 1.2 (Golden Master：为 AI 上下文/提示词/RAG 查询建立固定用例). Task: Prompt 生成（DynamicPromptGenerator）,Implemented this requirement without violating the epic Must NOT do constraints; epic acceptance checklist still passes.,python -m compileall -q src (and when env ready: pytest -q),manual,TODO,TODO,TODO,TBD,none,source: 完全重构计划.md:797
ANE-0110,[1.2] RAG 查询规划（关键词提取/limit 策略）,From 完全重构计划.md:798. Epic 1.2 (Golden Master：为 AI 上下文/提示词/RAG 查询建立固定用例). Task: RAG 查询规划（关键词提取/limit 策略）,Implemented this requirement without violating the epic Must NOT do constraints; epic acceptance checklist still passes.,python -m compileall -q src (and when env ready: pytest -q),manual,TODO,TODO,TODO,TBD,none,source: 完全重构计划.md:798
ANE-0111,[1.2] 快照落点（写死）：,From 完全重构计划.md:799. Epic 1.2 (Golden Master：为 AI 上下文/提示词/RAG 查询建立固定用例). Task: 快照落点（写死）：,Implemented this requirement without violating the epic Must NOT do constraints; epic acceptance checklist still passes.,python -m compileall -q src (and when env ready: pytest -q),manual,TODO,TODO,TODO,TBD,none,source: 完全重构计划.md:799
ANE-0112,[1.2] 输入：tests/fixtures/,From 完全重构计划.md:800. Epic 1.2 (Golden Master：为 AI 上下文/提示词/RAG 查询建立固定用例). Task: 输入：tests/fixtures/,Implemented this requirement without violating the epic Must NOT do constraints; epic acceptance checklist still passes.,python -m compileall -q src (and when env ready: pytest -q),manual,TODO,TODO,TODO,TBD,none,source: 完全重构计划.md:800
ANE-0113,[1.2] 期望输出：tests/golden/（文本文件）,From 完全重构计划.md:801. Epic 1.2 (Golden Master：为 AI 上下文/提示词/RAG 查询建立固定用例). Task: 期望输出：tests/golden/（文本文件）,Implemented this requirement without violating the epic Must NOT do constraints; epic acceptance checklist still passes.,python -m compileall -q src (and when env ready: pytest -q),manual,TODO,TODO,TODO,TBD,none,source: 完全重构计划.md:801
ANE-0114,[1.2] 脱敏规则（写死）：移除时间戳、随机 UUID、绝对路径、API key。,From 完全重构计划.md:802. Epic 1.2 (Golden Master：为 AI 上下文/提示词/RAG 查询建立固定用例). Task: 脱敏规则（写死）：移除时间戳、随机 UUID、绝对路径、API key。,Implemented this requirement without violating the epic Must NOT do constraints; epic acceptance checklist still passes.,python -m compileall -q src (and when env ready: pytest -q),manual,TODO,TODO,TODO,TBD,none,source: 完全重构计划.md:802
ANE-0115,[1.2] deterministic embedder/mock 的接入点（写死，避免测试期猜）：,From 完全重构计划.md:803. Epic 1.2 (Golden Master：为 AI 上下文/提示词/RAG 查询建立固定用例). Task: deterministic embedder/mock 的接入点（写死，避免测试期猜）：,Implemented this requirement without violating the epic Must NOT do constraints; epic acceptance checklist still passes.,python -m compileall -q src (and when env ready: pytest -q),manual,TODO,TODO,TODO,TBD,none,source: 完全重构计划.md:803
ANE-0116,[1.2] 现状 embedding 生成在 RAGService.create_embedding_async()（src/core/rag_service.py:268-361）,From 完全重构计划.md:804. Epic 1.2 (Golden Master：为 AI 上下文/提示词/RAG 查询建立固定用例). Task: 现状 embedding 生成在 RAGService.create_embedding_async()（src/core/rag_service.py:268-361）,Implemented this requirement without violating the epic Must NOT do constraints; epic acceptance checklist still passes.,python -m compileall -q src (and when env ready: pytest -q),manual,DONE,DONE,TODO,src/core/rag_service.py:268-361,none,source: 完全重构计划.md:804 | done_at:2026-02-03 | validation_limited:pytest -q fails in collection (ModuleNotFoundError: archive; ghost_text_*) | manual_test:none | evidence:docs/reviews/ANE-0116.md; python -m compileall -q src OK | risk:low documentation only
ANE-0117,[1.2] Phase 1（测试优先，最小改动）：让 RAGService 支持注入 embedder（接口）,From 完全重构计划.md:805. Epic 1.2 (Golden Master：为 AI 上下文/提示词/RAG 查询建立固定用例). Task: Phase 1（测试优先，最小改动）：让 RAGService 支持注入 embedder（接口）,Implemented this requirement without violating the epic Must NOT do constraints; epic acceptance checklist still passes.,python -m compileall -q src (and when env ready: pytest -q),manual,TODO,TODO,TODO,TBD,none,source: 完全重构计划.md:805
ANE-0118,[1.2] 默认实现：网络 embedder（保留现有逻辑）,From 完全重构计划.md:806. Epic 1.2 (Golden Master：为 AI 上下文/提示词/RAG 查询建立固定用例). Task: 默认实现：网络 embedder（保留现有逻辑）,Implemented this requirement without violating the epic Must NOT do constraints; epic acceptance checklist still passes.,python -m compileall -q src (and when env ready: pytest -q),manual,TODO,TODO,TODO,TBD,none,source: 完全重构计划.md:806
ANE-0119,[1.2] 测试实现：FakeEmbedder（例如用 sha256(text) 生成固定维度向量；不依赖网络/模型）,From 完全重构计划.md:807. Epic 1.2 (Golden Master：为 AI 上下文/提示词/RAG 查询建立固定用例). Task: 测试实现：FakeEmbedder（例如用 sha256(text) 生成固定维度向量；不依赖网络/模型）,Implemented this requirement without violating the epic Must NOT do constraints; epic acceptance checklist still passes.,python -m compileall -q src (and when env ready: pytest -q),manual,TODO,TODO,TODO,TBD,none,source: 完全重构计划.md:807
ANE-0120,[1.2] Golden Master 与 overlap 指标默认用 FakeEmbedder 跑；真实网络 embedding 仅作为手工/集成验证，不进入 CI 基线。,From 完全重构计划.md:808. Epic 1.2 (Golden Master：为 AI 上下文/提示词/RAG 查询建立固定用例). Task: Golden Master 与 overlap 指标默认用 FakeEmbedder 跑；真实网络 embedding 仅作为手工/集成验证，不进入 CI 基线。,Implemented this requirement without violating the epic Must NOT do constraints; epic acceptance checklist still passes.,python -m compileall -q src (and when env ready: pytest -q),manual,TODO,TODO,TODO,TBD,none,source: 完全重构计划.md:808
ANE-0121,[EPIC 2.1] 清理 core ↔ gui 耦合：把 QThread 自动索引从 src/core/project.py 移出,Epic extracted from 完全重构计划.md:827. Scope: implement the full epic end-to-end while preserving existing behavior/data compatibility.,本任务范围内，src/core/project.py 不再 import PyQt6，且不再启动/依赖 QThread（核心耦合点先切断）。 | “core 全部去 Qt 化”作为后续里程碑，由 5.1（Codex 去 Qt 化）等任务逐步承接，不在本任务强制一次性清零。 | UI 仍可在打开项目后自动索引（功能不丢）。 | 验证：打开项目后 5 秒内 UI 不冻结；索引任务可取消；重复打开/切换项目不会启动多个并行索引。,python -m compileall -q src (and when env ready: pytest -q),manual,TODO,TODO,TODO,src/core/project.py:556 | src/gui/main_window.py | src/core/project.py,none,source: 完全重构计划.md:827
ANE-0122,[2.1] 移除 src/core/project.py 中 _trigger_auto_indexing_async() 及其所有调用点：,From 完全重构计划.md:833. Epic 2.1 (清理 core ↔ gui 耦合：把 QThread 自动索引从 src/core/project.py 移出). Task: 移除 src/core/project.py 中 _trigger_auto_indexing_async() 及其所有调用点：,Implemented this requirement without violating the epic Must NOT do constraints; epic acceptance checklist still passes.,python -m compileall -q src (and when env ready: pytest -q),manual,DONE,DONE,TODO,src/core/project.py,none,source: 完全重构计划.md:833 | done_at:2026-02-03 | validation_limited:pytest -q fails in collection (ModuleNotFoundError: archive; ghost_text_*) | manual_test:none | evidence:removed _trigger_auto_indexing_async from src/core/project.py; python -m compileall -q src OK | risk:medium auto-indexing now depends on future scheduler wiring
ANE-0123,[2.1] 当前调用点：src/core/project.py:177（create_project）、src/core/project.py:214（open_project）,From 完全重构计划.md:834. Epic 2.1 (清理 core ↔ gui 耦合：把 QThread 自动索引从 src/core/project.py 移出). Task: 当前调用点：src/core/project.py:177（create_project）、src/core/project.py:214（open_project）,Implemented this requirement without violating the epic Must NOT do constraints; epic acceptance checklist still passes.,python -m compileall -q src (and when env ready: pytest -q),manual,DONE,DONE,TODO,src/core/project.py:177 | src/core/project.py:214,none,source: 完全重构计划.md:834 | done_at:2026-02-03 | validation_limited:pytest -q fails in collection (ModuleNotFoundError: archive; ghost_text_*) | manual_test:none | evidence:docs/reviews/ANE-0123.md; python -m compileall -q src OK | risk:low documentation only
ANE-0124,[2.1] 以事件驱动替代，并写死“唯一真相点”（避免双触发）：,From 完全重构计划.md:835. Epic 2.1 (清理 core ↔ gui 耦合：把 QThread 自动索引从 src/core/project.py 移出). Task: 以事件驱动替代，并写死“唯一真相点”（避免双触发）：,Implemented this requirement without violating the epic Must NOT do constraints; epic acceptance checklist still passes.,python -m compileall -q src (and when env ready: pytest -q),manual,TODO,TODO,TODO,TBD,none,source: 完全重构计划.md:835
ANE-0125,[2.1] projectChanged 的唯一来源（写死）：只允许通过设置 Shared.current_project_path 触发（setter 内部会 emit，见 src/c...,From 完全重构计划.md:836. Epic 2.1 (清理 core ↔ gui 耦合：把 QThread 自动索引从 src/core/project.py 移出). Task: projectChanged 的唯一来源（写死）：只允许通过设置 Shared.current_project_path 触发（setter 内部会 emit，见 src/core/shared.py:54-61）。,Implemented this requirement without violating the epic Must NOT do constraints; epic acceptance checklist still passes.,python -m compileall -q src (and when env ready: pytest -q),manual,DONE,DONE,TODO,src/core/shared.py:54-61,none,source: 完全重构计划.md:836 | done_at:2026-02-03 | validation_limited:pytest -q fails in collection (ModuleNotFoundError: archive; ghost_text_*) | manual_test:none | evidence:removed manual projectChanged emits in src/core/project.py; python -m compileall -q src OK | risk:medium behavior now relies on Shared.current_project_path setter only
ANE-0126,[2.1] 因此必须移除 ProjectManager.create_project/open_project 中的手动 self._shared.projectChanged.emit...,From 完全重构计划.md:837. Epic 2.1 (清理 core ↔ gui 耦合：把 QThread 自动索引从 src/core/project.py 移出). Task: 因此必须移除 ProjectManager.create_project/open_project 中的手动 self._shared.projectChanged.emit(...)：,Implemented this requirement without violating the epic Must NOT do constraints; epic acceptance checklist still passes.,python -m compileall -q src (and when env ready: pytest -q),manual,TODO,TODO,TODO,TBD,none,source: 完全重构计划.md:837
ANE-0127,[2.1] src/core/project.py:173-175（create_project 内的手动 emit）,From 完全重构计划.md:838. Epic 2.1 (清理 core ↔ gui 耦合：把 QThread 自动索引从 src/core/project.py 移出). Task: src/core/project.py:173-175（create_project 内的手动 emit）,Implemented this requirement without violating the epic Must NOT do constraints; epic acceptance checklist still passes.,python -m compileall -q src (and when env ready: pytest -q),manual,DONE,DONE,TODO,src/core/project.py:173-175,none,source: 完全重构计划.md:838 | done_at:2026-02-03 | validation_limited:pytest -q fails in collection (ModuleNotFoundError: archive; ghost_text_*) | manual_test:none | evidence:docs/reviews/ANE-0127.md; python -m compileall -q src OK | risk:low documentation only
ANE-0128,[2.1] src/core/project.py:210-212（open_project 内的手动 emit）,From 完全重构计划.md:839. Epic 2.1 (清理 core ↔ gui 耦合：把 QThread 自动索引从 src/core/project.py 移出). Task: src/core/project.py:210-212（open_project 内的手动 emit）,Implemented this requirement without violating the epic Must NOT do constraints; epic acceptance checklist still passes.,python -m compileall -q src (and when env ready: pytest -q),manual,DONE,DONE,TODO,src/core/project.py:210-212,none,source: 完全重构计划.md:839 | done_at:2026-02-03 | validation_limited:pytest -q fails in collection (ModuleNotFoundError: archive; ghost_text_*) | manual_test:none | evidence:docs/reviews/ANE-0128.md; python -m compileall -q src OK | risk:low documentation only
ANE-0129,[2.1] 类型一致性（写死）：Shared.current_project_path 的存储类型应保持为 Path（现状注解为 Optional[Path]，见 src/core/sh...,From 完全重构计划.md:840. Epic 2.1 (清理 core ↔ gui 耦合：把 QThread 自动索引从 src/core/project.py 移出). Task: 类型一致性（写死）：Shared.current_project_path 的存储类型应保持为 Path（现状注解为 Optional[Path]，见 src/core/shared.py:32），但当前 ProjectManager 传入的是 str(project_path)（见 src/core/project.py:170-171、src/core/project.py:207-208）。,Implemented this requirement without violating the epic Must NOT do constraints; epic acceptance checklist still passes.,python -m compileall -q src (and when env ready: pytest -q),manual,DONE,DONE,TODO,src/core/shared.py:32 | src/core/project.py:170-171 | src/core/project.py:207-208,none,source: 完全重构计划.md:840 | done_at:2026-02-03 | validation_limited:pytest -q fails in collection (ModuleNotFoundError: archive; ghost_text_*) | manual_test:none | evidence:ProjectManager now assigns Path to Shared.current_project_path; python -m compileall -q src OK | risk:low type consistency fix
ANE-0130,[2.1] Phase 1 约定：在 Shared.current_project_path setter 内对 str 做 Path(str) 归一化；对外 emit 仍使用 str(...,From 完全重构计划.md:841. Epic 2.1 (清理 core ↔ gui 耦合：把 QThread 自动索引从 src/core/project.py 移出). Task: Phase 1 约定：在 Shared.current_project_path setter 内对 str 做 Path(str) 归一化；对外 emit 仍使用 str(path)。,Implemented this requirement without violating the epic Must NOT do constraints; epic acceptance checklist still passes.,python -m compileall -q src (and when env ready: pytest -q),manual,TODO,TODO,TODO,TBD,none,source: 完全重构计划.md:841
ANE-0131,[2.1] 验收：打开/创建项目后，shared.current_project_path 为 Path 类型，且 projectChanged 信号 payload 为字符串路径。,From 完全重构计划.md:842. Epic 2.1 (清理 core ↔ gui 耦合：把 QThread 自动索引从 src/core/project.py 移出). Task: 验收：打开/创建项目后，shared.current_project_path 为 Path 类型，且 projectChanged 信号 payload 为字符串路径。,Implemented this requirement without violating the epic Must NOT do constraints; epic acceptance checklist still passes.,python -m compileall -q src (and when env ready: pytest -q),manual,TODO,TODO,TODO,TBD,none,source: 完全重构计划.md:842
ANE-0132,[2.1] documentSaved 的唯一来源（写死）：只允许 ProjectManager.update_document() 在成功持久化后 emit（现状在 src/core/...,From 完全重构计划.md:843. Epic 2.1 (清理 core ↔ gui 耦合：把 QThread 自动索引从 src/core/project.py 移出). Task: documentSaved 的唯一来源（写死）：只允许 ProjectManager.update_document() 在成功持久化后 emit（现状在 src/core/project.py:331-369 的 self._shared.documentSaved.emit(...)）。,Implemented this requirement without violating the epic Must NOT do constraints; epic acceptance checklist still passes.,python -m compileall -q src (and when env ready: pytest -q),manual,DONE,DONE,TODO,src/core/project.py:331-369,none,source: 完全重构计划.md:843 | done_at:2026-02-03 | validation_limited:pytest -q fails in collection (ModuleNotFoundError: archive; ghost_text_*) | manual_test:none | evidence:docs/reviews/ANE-0132.md; python -m compileall -q src OK | risk:low documentation only
ANE-0133,[2.1] EnhancedAIManager（或新增 gui/services/index_scheduler.py）监听：,From 完全重构计划.md:844. Epic 2.1 (清理 core ↔ gui 耦合：把 QThread 自动索引从 src/core/project.py 移出). Task: EnhancedAIManager（或新增 gui/services/index_scheduler.py）监听：,Implemented this requirement without violating the epic Must NOT do constraints; epic acceptance checklist still passes.,python -m compileall -q src (and when env ready: pytest -q),manual,TODO,TODO,TODO,TBD,none,source: 完全重构计划.md:844
ANE-0134,[2.1] Shared.projectChanged：初始化/切换 vectors.db（见 4.2）+ 触发一次“未索引文档”扫描,From 完全重构计划.md:845. Epic 2.1 (清理 core ↔ gui 耦合：把 QThread 自动索引从 src/core/project.py 移出). Task: Shared.projectChanged：初始化/切换 vectors.db（见 4.2）+ 触发一次“未索引文档”扫描,Implemented this requirement without violating the epic Must NOT do constraints; epic acceptance checklist still passes.,python -m compileall -q src (and when env ready: pytest -q),manual,TODO,TODO,TODO,TBD,none,source: 完全重构计划.md:845
ANE-0135,[2.1] Shared.documentSaved：对单文档增量索引（debounce 2s）,From 完全重构计划.md:846. Epic 2.1 (清理 core ↔ gui 耦合：把 QThread 自动索引从 src/core/project.py 移出). Task: Shared.documentSaved：对单文档增量索引（debounce 2s）,Implemented this requirement without violating the epic Must NOT do constraints; epic acceptance checklist still passes.,python -m compileall -q src (and when env ready: pytest -q),manual,TODO,TODO,TODO,TBD,none,source: 完全重构计划.md:846
ANE-0136,[2.1] 去重策略（写死）：,From 完全重构计划.md:847. Epic 2.1 (清理 core ↔ gui 耦合：把 QThread 自动索引从 src/core/project.py 移出). Task: 去重策略（写死）：,Implemented this requirement without violating the epic Must NOT do constraints; epic acceptance checklist still passes.,python -m compileall -q src (and when env ready: pytest -q),manual,TODO,TODO,TODO,TBD,none,source: 完全重构计划.md:847
ANE-0137,[2.1] 每次 projectChanged 只允许同时存在 1 个“全量扫描/补索引”任务；新触发则取消旧任务。,From 完全重构计划.md:848. Epic 2.1 (清理 core ↔ gui 耦合：把 QThread 自动索引从 src/core/project.py 移出). Task: 每次 projectChanged 只允许同时存在 1 个“全量扫描/补索引”任务；新触发则取消旧任务。,Implemented this requirement without violating the epic Must NOT do constraints; epic acceptance checklist still passes.,python -m compileall -q src (and when env ready: pytest -q),manual,TODO,TODO,TODO,TBD,none,source: 完全重构计划.md:848
ANE-0138,[2.1] documentSaved 的索引任务按 document_id 合并（同一文档短时间多次保存只索引最后一次）。,From 完全重构计划.md:849. Epic 2.1 (清理 core ↔ gui 耦合：把 QThread 自动索引从 src/core/project.py 移出). Task: documentSaved 的索引任务按 document_id 合并（同一文档短时间多次保存只索引最后一次）。,Implemented this requirement without violating the epic Must NOT do constraints; epic acceptance checklist still passes.,python -m compileall -q src (and when env ready: pytest -q),manual,TODO,TODO,TODO,TBD,none,source: 完全重构计划.md:849
ANE-0139,[2.1] 清理重复触发（写死）：,From 完全重构计划.md:850. Epic 2.1 (清理 core ↔ gui 耦合：把 QThread 自动索引从 src/core/project.py 移出). Task: 清理重复触发（写死）：,Implemented this requirement without violating the epic Must NOT do constraints; epic acceptance checklist still passes.,python -m compileall -q src (and when env ready: pytest -q),manual,TODO,TODO,TODO,TBD,none,source: 完全重构计划.md:850
ANE-0140,[2.1] 当前重复触发属实：src/gui/main_window.py:645-710（保存后 schedule _delayed_index_document）+ src/gui/...,From 完全重构计划.md:851. Epic 2.1 (清理 core ↔ gui 耦合：把 QThread 自动索引从 src/core/project.py 移出). Task: 当前重复触发属实：src/gui/main_window.py:645-710（保存后 schedule _delayed_index_document）+ src/gui/main_window.py:722-735（_on_document_saved_auto_index） 与 src/core/project.py:331-369 的 Shared.documentSaved 会重复触发。,Implemented this requirement without violating the epic Must NOT do constraints; epic acceptance checklist still passes.,python -m compileall -q src (and when env ready: pytest -q),manual,DONE,DONE,TODO,src/gui/main_window.py:645-710 | src/gui/main_window.py:722-735 | src/core/project.py:331-369,none,source: 完全重构计划.md:851 | done_at:2026-02-03 | validation_limited:pytest -q fails in collection (ModuleNotFoundError: archive; ghost_text_*) | manual_test:none | evidence:docs/reviews/ANE-0140.md; python -m compileall -q src OK | risk:low documentation only
ANE-0141,[2.1] 写死保留方案：索引只允许由“监听 Shared.documentSaved 的 IndexScheduler”触发；主窗口 _on_save() 不再直接 schedule ...,From 完全重构计划.md:852. Epic 2.1 (清理 core ↔ gui 耦合：把 QThread 自动索引从 src/core/project.py 移出). Task: 写死保留方案：索引只允许由“监听 Shared.documentSaved 的 IndexScheduler”触发；主窗口 _on_save() 不再直接 schedule 索引；_on_document_saved_auto_index() 改为删除或仅做转发到 IndexScheduler。,Implemented this requirement without violating the epic Must NOT do constraints; epic acceptance checklist still passes.,python -m compileall -q src (and when env ready: pytest -q),manual,TODO,TODO,TODO,TBD,none,source: 完全重构计划.md:852
ANE-0142,[EPIC 2.2] Shared “上帝对象”拆解路线图（不一次性移除）,Epic extracted from 完全重构计划.md:864. Scope: implement the full epic end-to-end while preserving existing behavior/data compatibility.,新增模块边界文档（docs/architecture/boundaries.md）。,python -m compileall -q src (and when env ready: pytest -q),manual,TODO,TODO,TODO,src/core/shared.py | src/main.py | src/gui/main_window.py,none,source: 完全重构计划.md:864
ANE-0143,[2.2] 识别 Shared 当前承载的职责（状态、信号、服务定位）。,From 完全重构计划.md:867. Epic 2.2 (Shared “上帝对象”拆解路线图（不一次性移除）). Task: 识别 Shared 当前承载的职责（状态、信号、服务定位）。,Implemented this requirement without violating the epic Must NOT do constraints; epic acceptance checklist still passes.,python -m compileall -q src (and when env ready: pytest -q),manual,TODO,TODO,TODO,TBD,none,source: 完全重构计划.md:867
ANE-0144,[2.2] 建立明确的替代：,From 完全重构计划.md:868. Epic 2.2 (Shared “上帝对象”拆解路线图（不一次性移除）). Task: 建立明确的替代：,Implemented this requirement without violating the epic Must NOT do constraints; epic acceptance checklist still passes.,python -m compileall -q src (and when env ready: pytest -q),manual,TODO,TODO,TODO,TBD,none,source: 完全重构计划.md:868
ANE-0145,[2.2] AppServices（依赖注入容器/服务注册表）,From 完全重构计划.md:869. Epic 2.2 (Shared “上帝对象”拆解路线图（不一次性移除）). Task: AppServices（依赖注入容器/服务注册表）,Implemented this requirement without violating the epic Must NOT do constraints; epic acceptance checklist still passes.,python -m compileall -q src (and when env ready: pytest -q),manual,TODO,TODO,TODO,TBD,none,source: 完全重构计划.md:869
ANE-0146,[2.2] AppEvents（统一信号/事件总线）,From 完全重构计划.md:870. Epic 2.2 (Shared “上帝对象”拆解路线图（不一次性移除）). Task: AppEvents（统一信号/事件总线）,Implemented this requirement without violating the epic Must NOT do constraints; epic acceptance checklist still passes.,python -m compileall -q src (and when env ready: pytest -q),manual,TODO,TODO,TODO,TBD,none,source: 完全重构计划.md:870
ANE-0147,[2.2] 逐步把字段从 Shared 迁移到更窄的接口。,From 完全重构计划.md:871. Epic 2.2 (Shared “上帝对象”拆解路线图（不一次性移除）). Task: 逐步把字段从 Shared 迁移到更窄的接口。,Implemented this requirement without violating the epic Must NOT do constraints; epic acceptance checklist still passes.,python -m compileall -q src (and when env ready: pytest -q),manual,TODO,TODO,TODO,TBD,none,source: 完全重构计划.md:871
ANE-0148,[EPIC 2.3] Project 持久化边界与“增量更新”的最小可交付路线,Epic extracted from 完全重构计划.md:881. Scope: implement the full epic end-to-end while preserving existing behavior/data compatibility.,Phase 1：所有项目依然能正常保存/加载（行为不回归），且持久化调用点集中到 repository（可审计）。 | Phase 2：单文档保存不再执行 DELETE FROM documents（可通过 debug 日志或 instrumentation 验证）。 | Phase 2：rename/move/reorder 在大纲中可见且不触发全量重建（至少通过“刷新耗时显著下降 + 日志标记”验证）。,python -m compileall -q src (and when env ready: pytest -q),manual,TODO,TODO,TODO,src/core/database_manager.py:203-239 | src/core/project.py | src/gui/panels/outline_panel.py,none,source: 完全重构计划.md:881
ANE-0149,[2.3] 定义 ProjectRepository（application/infrastructure 边界）最小 API（写死）：,From 完全重构计划.md:888. Epic 2.3 (Project 持久化边界与“增量更新”的最小可交付路线). Task: 定义 ProjectRepository（application/infrastructure 边界）最小 API（写死）：,Implemented this requirement without violating the epic Must NOT do constraints; epic acceptance checklist still passes.,python -m compileall -q src (and when env ready: pytest -q),manual,TODO,TODO,TODO,TBD,none,source: 完全重构计划.md:888
ANE-0150,[2.3] load_project() → metadata + documents,From 完全重构计划.md:889. Epic 2.3 (Project 持久化边界与“增量更新”的最小可交付路线). Task: load_project() → metadata + documents,Implemented this requirement without violating the epic Must NOT do constraints; epic acceptance checklist still passes.,python -m compileall -q src (and when env ready: pytest -q),manual,TODO,TODO,TODO,TBD,none,source: 完全重构计划.md:889
ANE-0151,[2.3] save_project_full(data)（Phase 1：复用当前全量写入）,From 完全重构计划.md:890. Epic 2.3 (Project 持久化边界与“增量更新”的最小可交付路线). Task: save_project_full(data)（Phase 1：复用当前全量写入）,Implemented this requirement without violating the epic Must NOT do constraints; epic acceptance checklist still passes.,python -m compileall -q src (and when env ready: pytest -q),manual,TODO,TODO,TODO,TBD,none,source: 完全重构计划.md:890
ANE-0152,[2.3] upsert_document(doc)（Phase 2：单文档增量）,From 完全重构计划.md:891. Epic 2.3 (Project 持久化边界与“增量更新”的最小可交付路线). Task: upsert_document(doc)（Phase 2：单文档增量）,Implemented this requirement without violating the epic Must NOT do constraints; epic acceptance checklist still passes.,python -m compileall -q src (and when env ready: pytest -q),manual,TODO,TODO,TODO,TBD,none,source: 完全重构计划.md:891
ANE-0153,"[2.3] delete_document(doc_id) / move_document(doc_id, new_parent_id, new_order) / reorder_chi...","From 完全重构计划.md:892. Epic 2.3 (Project 持久化边界与“增量更新”的最小可交付路线). Task: delete_document(doc_id) / move_document(doc_id, new_parent_id, new_order) / reorder_children(parent_id, ordered_ids)",Implemented this requirement without violating the epic Must NOT do constraints; epic acceptance checklist still passes.,python -m compileall -q src (and when env ready: pytest -q),manual,TODO,TODO,TODO,TBD,none,source: 完全重构计划.md:892
ANE-0154,[2.3] transaction()：显式事务边界,From 完全重构计划.md:893. Epic 2.3 (Project 持久化边界与“增量更新”的最小可交付路线). Task: transaction()：显式事务边界,Implemented this requirement without violating the epic Must NOT do constraints; epic acceptance checklist still passes.,python -m compileall -q src (and when env ready: pytest -q),manual,TODO,TODO,TODO,TBD,none,source: 完全重构计划.md:893
ANE-0155,[2.3] 增量路线（写死）：,From 完全重构计划.md:894. Epic 2.3 (Project 持久化边界与“增量更新”的最小可交付路线). Task: 增量路线（写死）：,Implemented this requirement without violating the epic Must NOT do constraints; epic acceptance checklist still passes.,python -m compileall -q src (and when env ready: pytest -q),manual,TODO,TODO,TODO,TBD,none,source: 完全重构计划.md:894
ANE-0156,[2.3] Phase 1：保留 save_project_full()（仍可全量重写），但把调用点收敛到 repository（避免散落直接调用 DatabaseManager.sav...,From 完全重构计划.md:895. Epic 2.3 (Project 持久化边界与“增量更新”的最小可交付路线). Task: Phase 1：保留 save_project_full()（仍可全量重写），但把调用点收敛到 repository（避免散落直接调用 DatabaseManager.save_project_data()）,Implemented this requirement without violating the epic Must NOT do constraints; epic acceptance checklist still passes.,python -m compileall -q src (and when env ready: pytest -q),manual,TODO,TODO,TODO,TBD,none,source: 完全重构计划.md:895
ANE-0157,[2.3] Phase 2：实现并接入 upsert_document 等增量 API；编辑器“保存单文档”必须走增量,From 完全重构计划.md:896. Epic 2.3 (Project 持久化边界与“增量更新”的最小可交付路线). Task: Phase 2：实现并接入 upsert_document 等增量 API；编辑器“保存单文档”必须走增量,Implemented this requirement without violating the epic Must NOT do constraints; epic acceptance checklist still passes.,python -m compileall -q src (and when env ready: pytest -q),manual,TODO,TODO,TODO,TBD,none,source: 完全重构计划.md:896
ANE-0158,[2.3] Phase 3：仅在“结构性变更”（批量导入/全树重排）才允许全量写入,From 完全重构计划.md:897. Epic 2.3 (Project 持久化边界与“增量更新”的最小可交付路线). Task: Phase 3：仅在“结构性变更”（批量导入/全树重排）才允许全量写入,Implemented this requirement without violating the epic Must NOT do constraints; epic acceptance checklist still passes.,python -m compileall -q src (and when env ready: pytest -q),manual,TODO,TODO,TODO,TBD,none,source: 完全重构计划.md:897
ANE-0159,[2.3] Outline 关联（写死）：,From 完全重构计划.md:898. Epic 2.3 (Project 持久化边界与“增量更新”的最小可交付路线). Task: Outline 关联（写死）：,Implemented this requirement without violating the epic Must NOT do constraints; epic acceptance checklist still passes.,python -m compileall -q src (and when env ready: pytest -q),manual,TODO,TODO,TODO,TBD,none,source: 完全重构计划.md:898
ANE-0160,[2.3] Phase 1：大纲刷新改为 debounce + worker 计算 + 主线程 apply（先止血 UI 卡顿）,From 完全重构计划.md:899. Epic 2.3 (Project 持久化边界与“增量更新”的最小可交付路线). Task: Phase 1：大纲刷新改为 debounce + worker 计算 + 主线程 apply（先止血 UI 卡顿）,Implemented this requirement without violating the epic Must NOT do constraints; epic acceptance checklist still passes.,python -m compileall -q src (and when env ready: pytest -q),manual,TODO,TODO,TODO,TBD,none,source: 完全重构计划.md:899
ANE-0161,[2.3] Phase 2：引入 OutlineModel（建议 QAbstractItemModel），对 rename/move/reorder 走增量更新（不全量重建）,From 完全重构计划.md:900. Epic 2.3 (Project 持久化边界与“增量更新”的最小可交付路线). Task: Phase 2：引入 OutlineModel（建议 QAbstractItemModel），对 rename/move/reorder 走增量更新（不全量重建）,Implemented this requirement without violating the epic Must NOT do constraints; epic acceptance checklist still passes.,python -m compileall -q src (and when env ready: pytest -q),manual,TODO,TODO,TODO,TBD,none,source: 完全重构计划.md:900
ANE-0162,[EPIC 3.1] 拆分 src/core/ai_client.py 为 provider 策略包,Epic extracted from 完全重构计划.md:914. Scope: implement the full epic end-to-end while preserving existing behavior/data compatibility.,不改 UI 前提下，所有 provider 仍可完成一次请求（可用 mock）。,python -m compileall -q src (and when env ready: pytest -q),manual,TODO,TODO,TODO,src/core/ai_client.py | src/core/secure_key_manager.py,none,source: 完全重构计划.md:914
ANE-0163,[3.1] 把 provider 相关逻辑拆成独立模块（OpenAI/Claude/Gemini/Ollama/Custom）。,From 完全重构计划.md:917. Epic 3.1 (拆分 src/core/ai_client.py 为 provider 策略包). Task: 把 provider 相关逻辑拆成独立模块（OpenAI/Claude/Gemini/Ollama/Custom）。,Implemented this requirement without violating the epic Must NOT do constraints; epic acceptance checklist still passes.,python -m compileall -q src (and when env ready: pytest -q),manual,TODO,TODO,TODO,TBD,none,source: 完全重构计划.md:917
ANE-0164,[3.1] 引入统一接口：LLMProvider.complete() / complete_stream() / supports_tools()。,From 完全重构计划.md:918. Epic 3.1 (拆分 src/core/ai_client.py 为 provider 策略包). Task: 引入统一接口：LLMProvider.complete() / complete_stream() / supports_tools()。,Implemented this requirement without violating the epic Must NOT do constraints; epic acceptance checklist still passes.,python -m compileall -q src (and when env ready: pytest -q),manual,TODO,TODO,TODO,TBD,none,source: 完全重构计划.md:918
ANE-0165,[3.1] 统一错误类型（429/5xx/timeout）与重试策略（在一处实现）。,From 完全重构计划.md:919. Epic 3.1 (拆分 src/core/ai_client.py 为 provider 策略包). Task: 统一错误类型（429/5xx/timeout）与重试策略（在一处实现）。,Implemented this requirement without violating the epic Must NOT do constraints; epic acceptance checklist still passes.,python -m compileall -q src (and when env ready: pytest -q),manual,TODO,TODO,TODO,TBD,none,source: 完全重构计划.md:919
ANE-0166,[EPIC 3.2] EnhancedAIManager 变薄：上下文/提示词/网络请求/渲染分层,Epic extracted from 完全重构计划.md:928. Scope: implement the full epic end-to-end while preserving existing behavior/data compatibility.,Context/Prompt 逻辑有单测或 golden master。,python -m compileall -q src (and when env ready: pytest -q),manual,TODO,TODO,TODO,src/gui/ai/enhanced_ai_manager.py:38 | src/gui/ai/enhanced_ai_manager.py:417 | src/gui/ai/enhanced_ai_manager.py:550 | src/gui/editor/smart_completion_manager.py,none,source: 完全重构计划.md:928
ANE-0167,[3.2] IntelligentContextBuilder、DynamicPromptGenerator 抽到 application 层，可被测试。,From 完全重构计划.md:931. Epic 3.2 (EnhancedAIManager 变薄：上下文/提示词/网络请求/渲染分层). Task: IntelligentContextBuilder、DynamicPromptGenerator 抽到 application 层，可被测试。,Implemented this requirement without violating the epic Must NOT do constraints; epic acceptance checklist still passes.,python -m compileall -q src (and when env ready: pytest -q),manual,TODO,TODO,TODO,TBD,none,source: 完全重构计划.md:931
ANE-0168,[3.2] GUI 层只负责：触发、显示状态、把结果交给编辑器。,From 完全重构计划.md:932. Epic 3.2 (EnhancedAIManager 变薄：上下文/提示词/网络请求/渲染分层). Task: GUI 层只负责：触发、显示状态、把结果交给编辑器。,Implemented this requirement without violating the epic Must NOT do constraints; epic acceptance checklist still passes.,python -m compileall -q src (and when env ready: pytest -q),manual,TODO,TODO,TODO,TBD,none,source: 完全重构计划.md:932
ANE-0169,[EPIC 4.1] 让 SQLiteVectorStore 回归“纯存储/纯检索”,Epic extracted from 完全重构计划.md:945. Scope: implement the full epic end-to-end while preserving existing behavior/data compatibility.,大项目下不出现 UI 卡死：以 9.1 的 tick jitter 指标为准（idle/轻交互 max ≤ 120ms；重操作必须显示进度/可取消）。 | 对 medium 基准项目，执行 10 次固定查询的检索耗时写入 perf.log，并在 docs/perf/current.json 记录统计值（p95 不超过 9.1 对应预算）。 | RAG 查询结果在 golden master 上不过度退化：按 1.2 overlap 指标验收。,python -m compileall -q src (and when env ready: pytest -q),manual,TODO,TODO,TODO,src/core/sqlite_vector_store.py:280 | src/core/rag_service.py,none,source: 完全重构计划.md:945
ANE-0170,[4.1] 把“关键词提取/查询规划”搬到 application 层（例如 RAGQueryPlanner）。,From 完全重构计划.md:951. Epic 4.1 (让 SQLiteVectorStore 回归“纯存储/纯检索”). Task: 把“关键词提取/查询规划”搬到 application 层（例如 RAGQueryPlanner）。,Implemented this requirement without violating the epic Must NOT do constraints; epic acceptance checklist still passes.,python -m compileall -q src (and when env ready: pytest -q),manual,TODO,TODO,TODO,TBD,none,source: 完全重构计划.md:951
ANE-0171,[4.1] SQLiteVectorStore 只接受“query embedding”或“SQL LIKE query tokens”并返回候选 chunks。,From 完全重构计划.md:952. Epic 4.1 (让 SQLiteVectorStore 回归“纯存储/纯检索”). Task: SQLiteVectorStore 只接受“query embedding”或“SQL LIKE query tokens”并返回候选 chunks。,Implemented this requirement without violating the epic Must NOT do constraints; epic acceptance checklist still passes.,python -m compileall -q src (and when env ready: pytest -q),manual,TODO,TODO,TODO,TBD,none,source: 完全重构计划.md:952
ANE-0172,[4.1] 降低日志噪音（移除 logger.critical 的 debug emoji）。,From 完全重构计划.md:953. Epic 4.1 (让 SQLiteVectorStore 回归“纯存储/纯检索”). Task: 降低日志噪音（移除 logger.critical 的 debug emoji）。,Implemented this requirement without violating the epic Must NOT do constraints; epic acceptance checklist still passes.,python -m compileall -q src (and when env ready: pytest -q),manual,TODO,TODO,TODO,TBD,none,source: 完全重构计划.md:953
ANE-0173,[EPIC 4.2] 明确 embedding 兼容与重建策略,Epic extracted from 完全重构计划.md:964. Scope: implement the full epic end-to-end while preserving existing behavior/data compatibility.,旧项目打开时可以检测并提示，不会静默失败。 | 不会出现跨项目检索到其它项目内容的情况（隐私护栏）。 | 新建两个测试项目 A/B（不同内容），分别建立索引后，对相同查询执行检索：A 的结果只来自 A，B 的结果只来自 B（可用 doc_id 前缀/路径标记验证）。,python -m compileall -q src (and when env ready: pytest -q),manual,TODO,TODO,TODO,src/core/sqlite_vector_store.py | src/main.py:94-99 | src/core/shared.py,none,source: 完全重构计划.md:964
ANE-0174,[4.2] 在 vectors.db 记录：embedding_model、维度、chunk_size/overlap 版本。,From 完全重构计划.md:967. Epic 4.2 (明确 embedding 兼容与重建策略). Task: 在 vectors.db 记录：embedding_model、维度、chunk_size/overlap 版本。,Implemented this requirement without violating the epic Must NOT do constraints; epic acceptance checklist still passes.,python -m compileall -q src (and when env ready: pytest -q),manual,TODO,TODO,TODO,TBD,none,source: 完全重构计划.md:967
ANE-0175,[4.2] 项目隔离（必须）：解决当前 embeddings “跨项目混用/泄露”的结构性风险：,From 完全重构计划.md:968. Epic 4.2 (明确 embedding 兼容与重建策略). Task: 项目隔离（必须）：解决当前 embeddings “跨项目混用/泄露”的结构性风险：,Implemented this requirement without violating the epic Must NOT do constraints; epic acceptance checklist still passes.,python -m compileall -q src (and when env ready: pytest -q),manual,TODO,TODO,TODO,TBD,none,source: 完全重构计划.md:968
ANE-0176,[4.2] 默认方案 A（推荐）：每个项目独立 vectors 库，放在项目目录（例如 <project_path>/.rag/vectors.db）。,From 完全重构计划.md:969. Epic 4.2 (明确 embedding 兼容与重建策略). Task: 默认方案 A（推荐）：每个项目独立 vectors 库，放在项目目录（例如 <project_path>/.rag/vectors.db）。,Implemented this requirement without violating the epic Must NOT do constraints; epic acceptance checklist still passes.,python -m compileall -q src (and when env ready: pytest -q),manual,TODO,TODO,TODO,TBD,none,source: 完全重构计划.md:969
ANE-0177,[4.2] 备选方案 B：在 document_embeddings 表新增 project_id 列，并对所有写入/查询强制 WHERE project_id = ? 过滤。,From 完全重构计划.md:970. Epic 4.2 (明确 embedding 兼容与重建策略). Task: 备选方案 B：在 document_embeddings 表新增 project_id 列，并对所有写入/查询强制 WHERE project_id = ? 过滤。,Implemented this requirement without violating the epic Must NOT do constraints; epic acceptance checklist still passes.,python -m compileall -q src (and when env ready: pytest -q),manual,TODO,TODO,TODO,TBD,none,source: 完全重构计划.md:970
ANE-0178,[4.2] 迁移策略（默认）：,From 完全重构计划.md:971. Epic 4.2 (明确 embedding 兼容与重建策略). Task: 迁移策略（默认）：,Implemented this requirement without violating the epic Must NOT do constraints; epic acceptance checklist still passes.,python -m compileall -q src (and when env ready: pytest -q),manual,TODO,TODO,TODO,TBD,none,source: 完全重构计划.md:971
ANE-0179,[4.2] 现状（写死）：当前 vectors.db 在启动时被硬编码为全局路径 ~/.ai-novel-editor/vector_store/vectors.db（见 src/mai...,From 完全重构计划.md:972. Epic 4.2 (明确 embedding 兼容与重建策略). Task: 现状（写死）：当前 vectors.db 在启动时被硬编码为全局路径 ~/.ai-novel-editor/vector_store/vectors.db（见 src/main.py:94-99）。,Implemented this requirement without violating the epic Must NOT do constraints; epic acceptance checklist still passes.,python -m compileall -q src (and when env ready: pytest -q),manual,DONE,DONE,TODO,src/main.py:94-99,none,source: 完全重构计划.md:972 | done_at:2026-02-03 | validation_limited:pytest -q fails in collection (ModuleNotFoundError: archive; ghost_text_*) | manual_test:none | evidence:docs/reviews/ANE-0179.md; python -m compileall -q src OK | risk:low documentation only
ANE-0180,[4.2] 目标（写死）：打开项目后，vectors 路径应解析为：<project_path>/.rag/vectors.db（目录不存在则创建）。,From 完全重构计划.md:973. Epic 4.2 (明确 embedding 兼容与重建策略). Task: 目标（写死）：打开项目后，vectors 路径应解析为：<project_path>/.rag/vectors.db（目录不存在则创建）。,Implemented this requirement without violating the epic Must NOT do constraints; epic acceptance checklist still passes.,python -m compileall -q src (and when env ready: pytest -q),manual,TODO,TODO,TODO,TBD,none,source: 完全重构计划.md:973
ANE-0181,[4.2] 首次切换策略（写死）：若检测到“目标 per-project vectors.db 不存在”且“旧全局库存在”，弹窗提供 3 个选项：,From 完全重构计划.md:974. Epic 4.2 (明确 embedding 兼容与重建策略). Task: 首次切换策略（写死）：若检测到“目标 per-project vectors.db 不存在”且“旧全局库存在”，弹窗提供 3 个选项：,Implemented this requirement without violating the epic Must NOT do constraints; epic acceptance checklist still passes.,python -m compileall -q src (and when env ready: pytest -q),manual,TODO,TODO,TODO,TBD,none,source: 完全重构计划.md:974
ANE-0182,[4.2] 选项 A（默认/推荐）：重建索引（可靠；不会错误迁移别的项目内容）,From 完全重构计划.md:975. Epic 4.2 (明确 embedding 兼容与重建策略). Task: 选项 A（默认/推荐）：重建索引（可靠；不会错误迁移别的项目内容）,Implemented this requirement without violating the epic Must NOT do constraints; epic acceptance checklist still passes.,python -m compileall -q src (and when env ready: pytest -q),manual,TODO,TODO,TODO,TBD,none,source: 完全重构计划.md:975
ANE-0183,[4.2] 选项 B：暂不重建、并禁用 RAG（保持可用性但不做检索；避免跨项目泄露）,From 完全重构计划.md:976. Epic 4.2 (明确 embedding 兼容与重建策略). Task: 选项 B：暂不重建、并禁用 RAG（保持可用性但不做检索；避免跨项目泄露）,Implemented this requirement without violating the epic Must NOT do constraints; epic acceptance checklist still passes.,python -m compileall -q src (and when env ready: pytest -q),manual,TODO,TODO,TODO,TBD,none,source: 完全重构计划.md:976
ANE-0184,[4.2] 选项 C：尝试迁移（仅当能可靠识别 project 归属时才允许；否则按钮置灰并提示原因）,From 完全重构计划.md:977. Epic 4.2 (明确 embedding 兼容与重建策略). Task: 选项 C：尝试迁移（仅当能可靠识别 project 归属时才允许；否则按钮置灰并提示原因）,Implemented this requirement without violating the epic Must NOT do constraints; epic acceptance checklist still passes.,python -m compileall -q src (and when env ready: pytest -q),manual,TODO,TODO,TODO,TBD,none,source: 完全重构计划.md:977
ANE-0185,[4.2] 默认优先重建（更可靠），迁移只作为“可证明安全”的优化。,From 完全重构计划.md:978. Epic 4.2 (明确 embedding 兼容与重建策略). Task: 默认优先重建（更可靠），迁移只作为“可证明安全”的优化。,Implemented this requirement without violating the epic Must NOT do constraints; epic acceptance checklist still passes.,python -m compileall -q src (and when env ready: pytest -q),manual,TODO,TODO,TODO,TBD,none,source: 完全重构计划.md:978
ANE-0186,[4.2] 模式门槛（写死，避免执行期分叉）：,From 完全重构计划.md:979. Epic 4.2 (明确 embedding 兼容与重建策略). Task: 模式门槛（写死，避免执行期分叉）：,Implemented this requirement without violating the epic Must NOT do constraints; epic acceptance checklist still passes.,python -m compileall -q src (and when env ready: pytest -q),manual,TODO,TODO,TODO,TBD,none,source: 完全重构计划.md:979
ANE-0187,[4.2] Phase 1 强制走方案 A（per-project vectors.db）,From 完全重构计划.md:980. Epic 4.2 (明确 embedding 兼容与重建策略). Task: Phase 1 强制走方案 A（per-project vectors.db）,Implemented this requirement without violating the epic Must NOT do constraints; epic acceptance checklist still passes.,python -m compileall -q src (and when env ready: pytest -q),manual,TODO,TODO,TODO,TBD,none,source: 完全重构计划.md:980
ANE-0188,[4.2] 选项 B 仅允许作为“暂不重建并禁用 RAG”的安全退路（不允许继续用旧全局库做检索）,From 完全重构计划.md:981. Epic 4.2 (明确 embedding 兼容与重建策略). Task: 选项 B 仅允许作为“暂不重建并禁用 RAG”的安全退路（不允许继续用旧全局库做检索）,Implemented this requirement without violating the epic Must NOT do constraints; epic acceptance checklist still passes.,python -m compileall -q src (and when env ready: pytest -q),manual,TODO,TODO,TODO,TBD,none,source: 完全重构计划.md:981
ANE-0189,[4.2] 选项 C 只有在方案 B（表内 project_id 过滤）落地后才允许启用,From 完全重构计划.md:982. Epic 4.2 (明确 embedding 兼容与重建策略). Task: 选项 C 只有在方案 B（表内 project_id 过滤）落地后才允许启用,Implemented this requirement without violating the epic Must NOT do constraints; epic acceptance checklist still passes.,python -m compileall -q src (and when env ready: pytest -q),manual,TODO,TODO,TODO,TBD,none,source: 完全重构计划.md:982
ANE-0190,[4.2] 触发位置（写死，避免实现期猜）：,From 完全重构计划.md:984. Epic 4.2 (明确 embedding 兼容与重建策略). Task: 触发位置（写死，避免实现期猜）：,Implemented this requirement without violating the epic Must NOT do constraints; epic acceptance checklist still passes.,python -m compileall -q src (and when env ready: pytest -q),manual,TODO,TODO,TODO,TBD,none,source: 完全重构计划.md:984
ANE-0191,[4.2] ProjectManager.create_project/open_project 成功后只做一件事：设置 Shared.current_project_path = pr...,From 完全重构计划.md:985. Epic 4.2 (明确 embedding 兼容与重建策略). Task: ProjectManager.create_project/open_project 成功后只做一件事：设置 Shared.current_project_path = project_path（由 src/core/shared.py:54-61 setter 统一 emit projectChanged）,Implemented this requirement without violating the epic Must NOT do constraints; epic acceptance checklist still passes.,python -m compileall -q src (and when env ready: pytest -q),manual,TODO,TODO,TODO,src/core/shared.py:54-61,none,source: 完全重构计划.md:985
ANE-0192,[4.2] ProjectController（或 gui/services/index_scheduler.py）监听 Shared.projectChanged 事件，执行：,From 完全重构计划.md:986. Epic 4.2 (明确 embedding 兼容与重建策略). Task: ProjectController（或 gui/services/index_scheduler.py）监听 Shared.projectChanged 事件，执行：,Implemented this requirement without violating the epic Must NOT do constraints; epic acceptance checklist still passes.,python -m compileall -q src (and when env ready: pytest -q),manual,TODO,TODO,TODO,TBD,none,source: 完全重构计划.md:986
ANE-0193,[4.2] 对象生命周期与传播路径（写死，避免“切换了但旧对象还在用老引用”）：,From 完全重构计划.md:992. Epic 4.2 (明确 embedding 兼容与重建策略). Task: 对象生命周期与传播路径（写死，避免“切换了但旧对象还在用老引用”）：,Implemented this requirement without violating the epic Must NOT do constraints; epic acceptance checklist still passes.,python -m compileall -q src (and when env ready: pytest -q),manual,TODO,TODO,TODO,TBD,none,source: 完全重构计划.md:992
ANE-0194,[4.2] 现状：IntelligentContextBuilder.__init__() 会把 shared.rag_service 缓存到 self.rag_service（src/...,From 完全重构计划.md:993. Epic 4.2 (明确 embedding 兼容与重建策略). Task: 现状：IntelligentContextBuilder.__init__() 会把 shared.rag_service 缓存到 self.rag_service（src/gui/ai/enhanced_ai_manager.py:41-52）。,Implemented this requirement without violating the epic Must NOT do constraints; epic acceptance checklist still passes.,python -m compileall -q src (and when env ready: pytest -q),manual,TODO,TODO,TODO,src/gui/ai/enhanced_ai_manager.py:41-52,none,source: 完全重构计划.md:993
ANE-0195,[4.2] Phase 1 默认策略（写死）：RAGService 实例保持稳定，只替换其内部的 vector_store：,From 完全重构计划.md:994. Epic 4.2 (明确 embedding 兼容与重建策略). Task: Phase 1 默认策略（写死）：RAGService 实例保持稳定，只替换其内部的 vector_store：,Implemented this requirement without violating the epic Must NOT do constraints; epic acceptance checklist still passes.,python -m compileall -q src (and when env ready: pytest -q),manual,TODO,TODO,TODO,TBD,none,source: 完全重构计划.md:994
ANE-0196,[4.2] 若 shared.rag_service 不存在（ImportError/禁用）：只设置 shared.vector_store，并保证 UI 清晰显示“RAG 未启用”。,From 完全重构计划.md:999. Epic 4.2 (明确 embedding 兼容与重建策略). Task: 若 shared.rag_service 不存在（ImportError/禁用）：只设置 shared.vector_store，并保证 UI 清晰显示“RAG 未启用”。,Implemented this requirement without violating the epic Must NOT do constraints; epic acceptance checklist still passes.,python -m compileall -q src (and when env ready: pytest -q),manual,TODO,TODO,TODO,TBD,none,source: 完全重构计划.md:999
ANE-0197,[4.2] 如果不兼容：提示用户重建索引，并在后台可取消。,From 完全重构计划.md:1000. Epic 4.2 (明确 embedding 兼容与重建策略). Task: 如果不兼容：提示用户重建索引，并在后台可取消。,Implemented this requirement without violating the epic Must NOT do constraints; epic acceptance checklist still passes.,python -m compileall -q src (and when env ready: pytest -q),manual,TODO,TODO,TODO,TBD,none,source: 完全重构计划.md:1000
ANE-0198,[EPIC 5.1] CodexManager 去 Qt 化：Domain + Repository + Qt Adapter,Epic extracted from 完全重构计划.md:1017. Scope: implement the full epic end-to-end while preserving existing behavior/data compatibility.,"core/domain 层不依赖 PyQt6：至少 python -c ""import core.codex_manager"" 不应引入 PyQt6（或在迁移后该模块被替换为不含 Qt 的实现）。 | CodexPanel 功能不回归：Top10 工作流脚本中的 Codex 场景逐条 PASS（见 0.3）。",python -m compileall -q src (and when env ready: pytest -q),manual,TODO,TODO,TODO,src/core/codex_manager.py | src/core/database_manager.py | src/core/reference_detector.py,none,source: 完全重构计划.md:1017
ANE-0199,[5.1] 把 CodexEntry/CodexReference 等数据结构迁移到 domain。,From 完全重构计划.md:1020. Epic 5.1 (CodexManager 去 Qt 化：Domain + Repository + Qt Adapter). Task: 把 CodexEntry/CodexReference 等数据结构迁移到 domain。,Implemented this requirement without violating the epic Must NOT do constraints; epic acceptance checklist still passes.,python -m compileall -q src (and when env ready: pytest -q),manual,TODO,TODO,TODO,TBD,none,source: 完全重构计划.md:1020
ANE-0200,[5.1] 把数据库交互封装到 repository。,From 完全重构计划.md:1021. Epic 5.1 (CodexManager 去 Qt 化：Domain + Repository + Qt Adapter). Task: 把数据库交互封装到 repository。,Implemented this requirement without violating the epic Must NOT do constraints; epic acceptance checklist still passes.,python -m compileall -q src (and when env ready: pytest -q),manual,TODO,TODO,TODO,TBD,none,source: 完全重构计划.md:1021
ANE-0201,[5.1] GUI 需要信号时，用 QtCodexAdapter(QObject) 转发 domain 事件。,From 完全重构计划.md:1022. Epic 5.1 (CodexManager 去 Qt 化：Domain + Repository + Qt Adapter). Task: GUI 需要信号时，用 QtCodexAdapter(QObject) 转发 domain 事件。,Implemented this requirement without violating the epic Must NOT do constraints; epic acceptance checklist still passes.,python -m compileall -q src (and when env ready: pytest -q),manual,TODO,TODO,TODO,TBD,none,source: 完全重构计划.md:1022
ANE-0202,[EPIC 6.1] 拆解 MainWindow（把 2000 行切成可维护的子模块）,Epic extracted from 完全重构计划.md:1035. Scope: implement the full epic end-to-end while preserving existing behavior/data compatibility.,启动逻辑不变；重构后仍能打开窗口并正常操作。,python -m compileall -q src (and when env ready: pytest -q),manual,TODO,TODO,TODO,src/gui/main_window.py | src/main.py,none,source: 完全重构计划.md:1035
ANE-0203,[6.1] 按职责拆分：layout、menu/toolbar、dialogs、AI wiring、Codex wiring、state restore。,From 完全重构计划.md:1038. Epic 6.1 (拆解 MainWindow（把 2000 行切成可维护的子模块）). Task: 按职责拆分：layout、menu/toolbar、dialogs、AI wiring、Codex wiring、state restore。,Implemented this requirement without violating the epic Must NOT do constraints; epic acceptance checklist still passes.,python -m compileall -q src (and when env ready: pytest -q),manual,TODO,TODO,TODO,TBD,none,source: 完全重构计划.md:1038
ANE-0204,[6.1] 提供清晰的“初始化顺序图”和“依赖注入点”。,From 完全重构计划.md:1039. Epic 6.1 (拆解 MainWindow（把 2000 行切成可维护的子模块）). Task: 提供清晰的“初始化顺序图”和“依赖注入点”。,Implemented this requirement without violating the epic Must NOT do constraints; epic acceptance checklist still passes.,python -m compileall -q src (and when env ready: pytest -q),manual,TODO,TODO,TODO,TBD,none,source: 完全重构计划.md:1039
ANE-0205,[EPIC 6.2] 拆解 OutlinePanel，并引入刷新/虚拟化策略,Epic extracted from 完全重构计划.md:1048. Scope: implement the full epic end-to-end while preserving existing behavior/data compatibility.,大纲刷新在大项目下不超过性能预算：docs/perf/current.json 中 outline_refresh 对应指标满足 9.1。 | 重命名/移动/排序的增量更新行为可观测：至少在 debug 日志中标记“incremental update”路径被触发（避免暗中全量重建）。,python -m compileall -q src (and when env ready: pytest -q),manual,TODO,TODO,TODO,src/gui/panels/outline_panel.py | src/core/project.py,none,source: 完全重构计划.md:1048
ANE-0206,[6.2] 把统计/预览/树构建/动作处理拆成独立组件。,From 完全重构计划.md:1051. Epic 6.2 (拆解 OutlinePanel，并引入刷新/虚拟化策略). Task: 把统计/预览/树构建/动作处理拆成独立组件。,Implemented this requirement without violating the epic Must NOT do constraints; epic acceptance checklist still passes.,python -m compileall -q src (and when env ready: pytest -q),manual,TODO,TODO,TODO,TBD,none,source: 完全重构计划.md:1051
ANE-0207,[6.2] 对大项目：避免每次全量重建树；采用增量更新或延迟刷新。,From 完全重构计划.md:1052. Epic 6.2 (拆解 OutlinePanel，并引入刷新/虚拟化策略). Task: 对大项目：避免每次全量重建树；采用增量更新或延迟刷新。,Implemented this requirement without violating the epic Must NOT do constraints; epic acceptance checklist still passes.,python -m compileall -q src (and when env ready: pytest -q),manual,TODO,TODO,TODO,TBD,none,source: 完全重构计划.md:1052
ANE-0208,[EPIC 6.3] CodexPanel 组件库化,Epic extracted from 完全重构计划.md:1062. Scope: implement the full epic end-to-end while preserving existing behavior/data compatibility.,Codex UI 风格一致：按 docs/ui/tokens.md（执行阶段新增）中的 spacing/font/radius 规则核对 5 个关键控件（搜索框、卡片、列表项、按钮、空状态）。 | 交互不回归：Top10 工作流脚本中的 Codex 场景逐条 PASS（见 0.3）。,python -m compileall -q src (and when env ready: pytest -q),manual,TODO,TODO,TODO,src/gui/panels/codex_panel.py | src/gui/panels/modern_codex_card.py,none,source: 完全重构计划.md:1062
ANE-0209,[6.3] 把卡片视图、列表视图、统计视图拆分成子组件。,From 完全重构计划.md:1065. Epic 6.3 (CodexPanel 组件库化). Task: 把卡片视图、列表视图、统计视图拆分成子组件。,Implemented this requirement without violating the epic Must NOT do constraints; epic acceptance checklist still passes.,python -m compileall -q src (and when env ready: pytest -q),manual,TODO,TODO,TODO,TBD,none,source: 完全重构计划.md:1065
ANE-0210,[6.3] 统一搜索/过滤控件样式与行为。,From 完全重构计划.md:1066. Epic 6.3 (CodexPanel 组件库化). Task: 统一搜索/过滤控件样式与行为。,Implemented this requirement without violating the epic Must NOT do constraints; epic acceptance checklist still passes.,python -m compileall -q src (and when env ready: pytest -q),manual,TODO,TODO,TODO,TBD,none,source: 完全重构计划.md:1066
ANE-0211,[EPIC 7.1] 明确“唯一补全系统”与状态机,Epic extracted from 完全重构计划.md:1078. Scope: implement the full epic end-to-end while preserving existing behavior/data compatibility.,手动模式：Tab 触发 → Tab 应用（README 描述）稳定。 | 自动模式：延迟触发可控，不连发。 | 取消/超时/错误时 UI 不残留“黄色条/幽灵文本”。 | 覆盖现有回归测试：tests/test_ghost_text_*、tests/test_tab_esc_ghost_text.py、tests/test_esc_key_handling.py（执行阶段如有失配需修复测试与实现的一致性）。,python -m compileall -q src (and when env ready: pytest -q),manual,TODO,TODO,TODO,src/gui/editor/smart_completion_manager.py | src/gui/editor/text_editor.py | src/gui/editor/deep_integrated_ghost_text.py | src/gui/editor/optimal_ghost_text.py | src/gui/editor/inline_completion.py | src/gui/ai/completion_widget.py | src/gui/editor/completion_widget.py,none,source: 完全重构计划.md:1078
ANE-0212,[7.1] 盘点：src/gui/editor/ 下多种 completion/ghost 实现（deep/optimal/inline/widget）。,From 完全重构计划.md:1081. Epic 7.1 (明确“唯一补全系统”与状态机). Task: 盘点：src/gui/editor/ 下多种 completion/ghost 实现（deep/optimal/inline/widget）。,Implemented this requirement without violating the epic Must NOT do constraints; epic acceptance checklist still passes.,python -m compileall -q src (and when env ready: pytest -q),manual,TODO,TODO,TODO,src/gui/editor/,none,source: 完全重构计划.md:1081
ANE-0213,[7.1] 默认取舍（写死，避免执行者拍脑袋）：,From 完全重构计划.md:1082. Epic 7.1 (明确“唯一补全系统”与状态机). Task: 默认取舍（写死，避免执行者拍脑袋）：,Implemented this requirement without violating the epic Must NOT do constraints; epic acceptance checklist still passes.,python -m compileall -q src (and when env ready: pytest -q),manual,TODO,TODO,TODO,TBD,none,source: 完全重构计划.md:1082
ANE-0214,[7.1] 保留并作为入口：src/gui/editor/smart_completion_manager.py（协调器）,From 完全重构计划.md:1083. Epic 7.1 (明确“唯一补全系统”与状态机). Task: 保留并作为入口：src/gui/editor/smart_completion_manager.py（协调器）,Implemented this requirement without violating the epic Must NOT do constraints; epic acceptance checklist still passes.,python -m compileall -q src (and when env ready: pytest -q),manual,TODO,TODO,TODO,src/gui/editor/smart_completion_manager.py,none,source: 完全重构计划.md:1083
ANE-0215,[7.1] 作为默认 ghost 渲染：优先 src/gui/editor/optimal_ghost_text.py（体量更小，便于收敛与测试）,From 完全重构计划.md:1084. Epic 7.1 (明确“唯一补全系统”与状态机). Task: 作为默认 ghost 渲染：优先 src/gui/editor/optimal_ghost_text.py（体量更小，便于收敛与测试）,Implemented this requirement without violating the epic Must NOT do constraints; epic acceptance checklist still passes.,python -m compileall -q src (and when env ready: pytest -q),manual,TODO,TODO,TODO,src/gui/editor/optimal_ghost_text.py,none,source: 完全重构计划.md:1084
ANE-0216,[7.1] 保留 inline：src/gui/editor/inline_completion.py,From 完全重构计划.md:1085. Epic 7.1 (明确“唯一补全系统”与状态机). Task: 保留 inline：src/gui/editor/inline_completion.py,Implemented this requirement without violating the epic Must NOT do constraints; epic acceptance checklist still passes.,python -m compileall -q src (and when env ready: pytest -q),manual,TODO,TODO,TODO,src/gui/editor/inline_completion.py,none,source: 完全重构计划.md:1085
ANE-0217,[7.1] 保留 popup：src/gui/editor/completion_widget.py，但建议重命名为 completion_popup.py（避免与 AI setting...,From 完全重构计划.md:1086. Epic 7.1 (明确“唯一补全系统”与状态机). Task: 保留 popup：src/gui/editor/completion_widget.py，但建议重命名为 completion_popup.py（避免与 AI settings 冲突）,Implemented this requirement without violating the epic Must NOT do constraints; epic acceptance checklist still passes.,python -m compileall -q src (and when env ready: pytest -q),manual,TODO,TODO,TODO,src/gui/editor/completion_widget.py,none,source: 完全重构计划.md:1086
ANE-0218,[7.1] 逐步废弃：src/gui/editor/deep_integrated_ghost_text.py（先做功能对齐/回归用例，再删除）,From 完全重构计划.md:1087. Epic 7.1 (明确“唯一补全系统”与状态机). Task: 逐步废弃：src/gui/editor/deep_integrated_ghost_text.py（先做功能对齐/回归用例，再删除）,Implemented this requirement without violating the epic Must NOT do constraints; epic acceptance checklist still passes.,python -m compileall -q src (and when env ready: pytest -q),manual,TODO,TODO,TODO,src/gui/editor/deep_integrated_ghost_text.py,none,source: 完全重构计划.md:1087
ANE-0219,[7.1] AI 配置侧的 src/gui/ai/completion_widget.py 建议重命名为 completion_settings_widget.py,From 完全重构计划.md:1088. Epic 7.1 (明确“唯一补全系统”与状态机). Task: AI 配置侧的 src/gui/ai/completion_widget.py 建议重命名为 completion_settings_widget.py,Implemented this requirement without violating the epic Must NOT do constraints; epic acceptance checklist still passes.,python -m compileall -q src (and when env ready: pytest -q),manual,TODO,TODO,TODO,src/gui/ai/completion_widget.py,none,source: 完全重构计划.md:1088
ANE-0220,[7.1] 抽离纯状态机到 domain/application：,From 完全重构计划.md:1089. Epic 7.1 (明确“唯一补全系统”与状态机). Task: 抽离纯状态机到 domain/application：,Implemented this requirement without violating the epic Must NOT do constraints; epic acceptance checklist still passes.,python -m compileall -q src (and when env ready: pytest -q),manual,TODO,TODO,TODO,TBD,none,source: 完全重构计划.md:1089
ANE-0221,[7.1] 状态：idle → requesting → streaming → suggestion_ready → applied/cancelled,From 完全重构计划.md:1090. Epic 7.1 (明确“唯一补全系统”与状态机). Task: 状态：idle → requesting → streaming → suggestion_ready → applied/cancelled,Implemented this requirement without violating the epic Must NOT do constraints; epic acceptance checklist still passes.,python -m compileall -q src (and when env ready: pytest -q),manual,TODO,TODO,TODO,TBD,none,source: 完全重构计划.md:1090
ANE-0222,[7.1] 事件：Tab/Shift+Tab/Esc/文本变更/光标移动/超时/网络错误,From 完全重构计划.md:1091. Epic 7.1 (明确“唯一补全系统”与状态机). Task: 事件：Tab/Shift+Tab/Esc/文本变更/光标移动/超时/网络错误,Implemented this requirement without violating the epic Must NOT do constraints; epic acceptance checklist still passes.,python -m compileall -q src (and when env ready: pytest -q),manual,TODO,TODO,TODO,TBD,none,source: 完全重构计划.md:1091
ANE-0223,[7.1] UI 展示（ghost/inline/popup）变成可替换渲染器（renderer interface），由协调器驱动。,From 完全重构计划.md:1092. Epic 7.1 (明确“唯一补全系统”与状态机). Task: UI 展示（ghost/inline/popup）变成可替换渲染器（renderer interface），由协调器驱动。,Implemented this requirement without violating the epic Must NOT do constraints; epic acceptance checklist still passes.,python -m compileall -q src (and when env ready: pytest -q),manual,TODO,TODO,TODO,TBD,none,source: 完全重构计划.md:1092
ANE-0224,[EPIC 8.1] 拆分 import_export_engine.py 为格式插件,Epic extracted from 完全重构计划.md:1110. Scope: implement the full epic end-to-end while preserving existing behavior/data compatibility.,至少 1 个示例项目可以导出再导入（结构/正文不丢）：以 tools.generate_benchmark_project --size small 的项目为基准，执行导出→新目录导入→比对文档树与正文（允许 metadata 时间戳差异）。 | 新增最小自动化回归：pytest -q 中包含 1 条 import/export round-trip 测试（执行阶段实现测试文件）。,python -m compileall -q src (and when env ready: pytest -q),manual,TODO,TODO,TODO,src/core/import_export_engine.py | src/core/import_manager.py | src/core/export_manager.py | requirements.txt,none,source: 完全重构计划.md:1110
ANE-0225,[8.1] 把 TEXT/MD/DOCX/PDF/HTML 各自实现拆开；统一接口：Importer/Exporter。,From 完全重构计划.md:1113. Epic 8.1 (拆分 import_export_engine.py 为格式插件). Task: 把 TEXT/MD/DOCX/PDF/HTML 各自实现拆开；统一接口：Importer/Exporter。,Implemented this requirement without violating the epic Must NOT do constraints; epic acceptance checklist still passes.,python -m compileall -q src (and when env ready: pytest -q),manual,TODO,TODO,TODO,TBD,none,source: 完全重构计划.md:1113
ANE-0226,[8.1] 为每种格式提供最小 round-trip 用例。,From 完全重构计划.md:1114. Epic 8.1 (拆分 import_export_engine.py 为格式插件). Task: 为每种格式提供最小 round-trip 用例。,Implemented this requirement without violating the epic Must NOT do constraints; epic acceptance checklist still passes.,python -m compileall -q src (and when env ready: pytest -q),manual,TODO,TODO,TODO,TBD,none,source: 完全重构计划.md:1114
ANE-0227,[EPIC 9.1] 定义并记录性能基线,Epic extracted from 完全重构计划.md:1128. Scope: implement the full epic end-to-end while preserving existing behavior/data compatibility.,docs/perf/baseline.json 存在，包含 small/medium/large 的 4 类指标数值。 | 任意一次重构里程碑后更新 docs/perf/current.json，并能说明“变快/变慢”的原因。 | 若某指标超预算：必须有降级方案（例如关闭某自动刷新/索引节流/延迟加载 Codex）并可通过配置开关启用。,python -m compileall -q src (and when env ready: pytest -q),manual,TODO,TODO,TODO,TBD,none,source: 完全重构计划.md:1128
ANE-0228,[9.1] 定义 3 个基准数据集（写死，便于复现）：,From 完全重构计划.md:1131. Epic 9.1 (定义并记录性能基线). Task: 定义 3 个基准数据集（写死，便于复现）：,Implemented this requirement without violating the epic Must NOT do constraints; epic acceptance checklist still passes.,python -m compileall -q src (and when env ready: pytest -q),manual,TODO,TODO,TODO,TBD,none,source: 完全重构计划.md:1131
ANE-0229,[9.1] small：~50 文档 / 总正文 ~50k 字,From 完全重构计划.md:1132. Epic 9.1 (定义并记录性能基线). Task: small：~50 文档 / 总正文 ~50k 字,Implemented this requirement without violating the epic Must NOT do constraints; epic acceptance checklist still passes.,python -m compileall -q src (and when env ready: pytest -q),manual,TODO,TODO,TODO,TBD,none,source: 完全重构计划.md:1132
ANE-0230,[9.1] medium：~300 文档 / 总正文 ~300k 字,From 完全重构计划.md:1133. Epic 9.1 (定义并记录性能基线). Task: medium：~300 文档 / 总正文 ~300k 字,Implemented this requirement without violating the epic Must NOT do constraints; epic acceptance checklist still passes.,python -m compileall -q src (and when env ready: pytest -q),manual,TODO,TODO,TODO,TBD,none,source: 完全重构计划.md:1133
ANE-0231,[9.1] large：~1000 文档 / 总正文 ~1.5M 字,From 完全重构计划.md:1134. Epic 9.1 (定义并记录性能基线). Task: large：~1000 文档 / 总正文 ~1.5M 字,Implemented this requirement without violating the epic Must NOT do constraints; epic acceptance checklist still passes.,python -m compileall -q src (and when env ready: pytest -q),manual,TODO,TODO,TODO,TBD,none,source: 完全重构计划.md:1134
ANE-0232,[9.1] 对每个数据集测量 4 类指标（写死）：,From 完全重构计划.md:1135. Epic 9.1 (定义并记录性能基线). Task: 对每个数据集测量 4 类指标（写死）：,Implemented this requirement without violating the epic Must NOT do constraints; epic acceptance checklist still passes.,python -m compileall -q src (and when env ready: pytest -q),manual,TODO,TODO,TODO,TBD,none,source: 完全重构计划.md:1135
ANE-0233,[9.1] cold start：进程启动 → 主窗口 show 完成,From 完全重构计划.md:1136. Epic 9.1 (定义并记录性能基线). Task: cold start：进程启动 → 主窗口 show 完成,Implemented this requirement without violating the epic Must NOT do constraints; epic acceptance checklist still passes.,python -m compileall -q src (and when env ready: pytest -q),manual,TODO,TODO,TODO,TBD,none,source: 完全重构计划.md:1136
ANE-0234,[9.1] open project：点击打开项目 → 左侧项目树与中间编辑器可交互,From 完全重构计划.md:1137. Epic 9.1 (定义并记录性能基线). Task: open project：点击打开项目 → 左侧项目树与中间编辑器可交互,Implemented this requirement without violating the epic Must NOT do constraints; epic acceptance checklist still passes.,python -m compileall -q src (and when env ready: pytest -q),manual,TODO,TODO,TODO,TBD,none,source: 完全重构计划.md:1137
ANE-0235,[9.1] outline refresh：触发一次大纲刷新 → 刷新完成,From 完全重构计划.md:1138. Epic 9.1 (定义并记录性能基线). Task: outline refresh：触发一次大纲刷新 → 刷新完成,Implemented this requirement without violating the epic Must NOT do constraints; epic acceptance checklist still passes.,python -m compileall -q src (and when env ready: pytest -q),manual,TODO,TODO,TODO,TBD,none,source: 完全重构计划.md:1138
ANE-0236,[9.1] AI completion（mock）：触发补全 → UI 出现 suggestion（ghost/inline/popup 任一）,From 完全重构计划.md:1139. Epic 9.1 (定义并记录性能基线). Task: AI completion（mock）：触发补全 → UI 出现 suggestion（ghost/inline/popup 任一）,Implemented this requirement without violating the epic Must NOT do constraints; epic acceptance checklist still passes.,python -m compileall -q src (and when env ready: pytest -q),manual,TODO,TODO,TODO,TBD,none,source: 完全重构计划.md:1139
ANE-0237,[9.1] UI 冻结预算（写死，可测）：用 60Hz QTimer 监控 tick jitter，记录最大间隔：,From 完全重构计划.md:1140. Epic 9.1 (定义并记录性能基线). Task: UI 冻结预算（写死，可测）：用 60Hz QTimer 监控 tick jitter，记录最大间隔：,Implemented this requirement without violating the epic Must NOT do constraints; epic acceptance checklist still passes.,python -m compileall -q src (and when env ready: pytest -q),manual,TODO,TODO,TODO,TBD,none,source: 完全重构计划.md:1140
ANE-0238,[9.1] idle/轻交互：最大 tick 间隔 ≤ 120ms,From 完全重构计划.md:1141. Epic 9.1 (定义并记录性能基线). Task: idle/轻交互：最大 tick 间隔 ≤ 120ms,Implemented this requirement without violating the epic Must NOT do constraints; epic acceptance checklist still passes.,python -m compileall -q src (and when env ready: pytest -q),manual,TODO,TODO,TODO,TBD,none,source: 完全重构计划.md:1141
ANE-0239,[9.1] 允许重操作：如触发索引/导入/重建，可超过 120ms 但必须展示进度/可取消，并记录在日志中,From 完全重构计划.md:1142. Epic 9.1 (定义并记录性能基线). Task: 允许重操作：如触发索引/导入/重建，可超过 120ms 但必须展示进度/可取消，并记录在日志中,Implemented this requirement without violating the epic Must NOT do constraints; epic acceptance checklist still passes.,python -m compileall -q src (and when env ready: pytest -q),manual,TODO,TODO,TODO,TBD,none,source: 完全重构计划.md:1142
ANE-0240,[9.1] 预算（默认目标，写死）（先记录现状 baseline，再逐步压缩）：,From 完全重构计划.md:1143. Epic 9.1 (定义并记录性能基线). Task: 预算（默认目标，写死）（先记录现状 baseline，再逐步压缩）：,Implemented this requirement without violating the epic Must NOT do constraints; epic acceptance checklist still passes.,python -m compileall -q src (and when env ready: pytest -q),manual,TODO,TODO,TODO,TBD,none,source: 完全重构计划.md:1143
ANE-0241,[9.1] cold start：small ≤ 2.0s；medium ≤ 3.5s；large ≤ 6.0s,From 完全重构计划.md:1144. Epic 9.1 (定义并记录性能基线). Task: cold start：small ≤ 2.0s；medium ≤ 3.5s；large ≤ 6.0s,Implemented this requirement without violating the epic Must NOT do constraints; epic acceptance checklist still passes.,python -m compileall -q src (and when env ready: pytest -q),manual,TODO,TODO,TODO,TBD,none,source: 完全重构计划.md:1144
ANE-0242,[9.1] open project：small ≤ 1.0s；medium ≤ 2.5s；large ≤ 5.0s,From 完全重构计划.md:1145. Epic 9.1 (定义并记录性能基线). Task: open project：small ≤ 1.0s；medium ≤ 2.5s；large ≤ 5.0s,Implemented this requirement without violating the epic Must NOT do constraints; epic acceptance checklist still passes.,python -m compileall -q src (and when env ready: pytest -q),manual,TODO,TODO,TODO,TBD,none,source: 完全重构计划.md:1145
ANE-0243,[9.1] outline refresh：small ≤ 150ms；medium ≤ 400ms；large ≤ 900ms,From 完全重构计划.md:1146. Epic 9.1 (定义并记录性能基线). Task: outline refresh：small ≤ 150ms；medium ≤ 400ms；large ≤ 900ms,Implemented this requirement without violating the epic Must NOT do constraints; epic acceptance checklist still passes.,python -m compileall -q src (and when env ready: pytest -q),manual,TODO,TODO,TODO,TBD,none,source: 完全重构计划.md:1146
ANE-0244,[9.1] AI completion（mock）：small/medium/large ≤ 800ms,From 完全重构计划.md:1147. Epic 9.1 (定义并记录性能基线). Task: AI completion（mock）：small/medium/large ≤ 800ms,Implemented this requirement without violating the epic Must NOT do constraints; epic acceptance checklist still passes.,python -m compileall -q src (and when env ready: pytest -q),manual,TODO,TODO,TODO,TBD,none,source: 完全重构计划.md:1147
ANE-0245,[9.1] 记录方式（写死）：,From 完全重构计划.md:1148. Epic 9.1 (定义并记录性能基线). Task: 记录方式（写死）：,Implemented this requirement without violating the epic Must NOT do constraints; epic acceptance checklist still passes.,python -m compileall -q src (and when env ready: pytest -q),manual,TODO,TODO,TODO,TBD,none,source: 完全重构计划.md:1148
ANE-0246,[9.1] 运行时输出 perf 日志（JSON lines）到 ~/.ai-novel-editor/logs/perf.log,From 完全重构计划.md:1149. Epic 9.1 (定义并记录性能基线). Task: 运行时输出 perf 日志（JSON lines）到 ~/.ai-novel-editor/logs/perf.log,Implemented this requirement without violating the epic Must NOT do constraints; epic acceptance checklist still passes.,python -m compileall -q src (and when env ready: pytest -q),manual,TODO,TODO,TODO,TBD,none,source: 完全重构计划.md:1149
ANE-0247,[9.1] 在 repo 中维护 docs/perf/baseline.json 与 docs/perf/current.json（只记录统计值与机器信息摘要，不记录用户文本内容）,From 完全重构计划.md:1150. Epic 9.1 (定义并记录性能基线). Task: 在 repo 中维护 docs/perf/baseline.json 与 docs/perf/current.json（只记录统计值与机器信息摘要，不记录用户文本内容）,Implemented this requirement without violating the epic Must NOT do constraints; epic acceptance checklist still passes.,python -m compileall -q src (and when env ready: pytest -q),manual,TODO,TODO,TODO,docs/perf/baseline.json | docs/perf/current.json,none,source: 完全重构计划.md:1150
ANE-0248,[9.1] 基准数据集生成方式（写死到命令级，执行阶段实现对应工具）：,From 完全重构计划.md:1152. Epic 9.1 (定义并记录性能基线). Task: 基准数据集生成方式（写死到命令级，执行阶段实现对应工具）：,Implemented this requirement without violating the epic Must NOT do constraints; epic acceptance checklist still passes.,python -m compileall -q src (and when env ready: pytest -q),manual,TODO,TODO,TODO,TBD,none,source: 完全重构计划.md:1152
ANE-0249,[9.1] 生成命令（建议，Phase 1 写死落点为 repo 根目录 tools/ python 包）：,From 完全重构计划.md:1153. Epic 9.1 (定义并记录性能基线). Task: 生成命令（建议，Phase 1 写死落点为 repo 根目录 tools/ python 包）：,Implemented this requirement without violating the epic Must NOT do constraints; epic acceptance checklist still passes.,python -m compileall -q src (and when env ready: pytest -q),manual,TODO,TODO,TODO,tools/,none,source: 完全重构计划.md:1153
ANE-0250,[9.1] python -m tools.generate_benchmark_project --size small --out tests/fixtures/projects/s...,From 完全重构计划.md:1154. Epic 9.1 (定义并记录性能基线). Task: python -m tools.generate_benchmark_project --size small --out tests/fixtures/projects/small,Implemented this requirement without violating the epic Must NOT do constraints; epic acceptance checklist still passes.,python -m compileall -q src (and when env ready: pytest -q),manual,TODO,TODO,TODO,TBD,none,source: 完全重构计划.md:1154
ANE-0251,[9.1] python -m tools.generate_benchmark_project --size medium --out tests/fixtures/projects/...,From 完全重构计划.md:1155. Epic 9.1 (定义并记录性能基线). Task: python -m tools.generate_benchmark_project --size medium --out tests/fixtures/projects/medium,Implemented this requirement without violating the epic Must NOT do constraints; epic acceptance checklist still passes.,python -m compileall -q src (and when env ready: pytest -q),manual,TODO,TODO,TODO,TBD,none,source: 完全重构计划.md:1155
ANE-0252,[9.1] python -m tools.generate_benchmark_project --size large --out tests/fixtures/projects/l...,From 完全重构计划.md:1156. Epic 9.1 (定义并记录性能基线). Task: python -m tools.generate_benchmark_project --size large --out tests/fixtures/projects/large,Implemented this requirement without violating the epic Must NOT do constraints; epic acceptance checklist still passes.,python -m compileall -q src (and when env ready: pytest -q),manual,TODO,TODO,TODO,TBD,none,source: 完全重构计划.md:1156
ANE-0253,[9.1] 输出约束（写死）：生成的 fixture 必须是“可打开的项目目录”（包含 project.db 与最小资源），且不含真实用户正文（全为合成文本）。,From 完全重构计划.md:1157. Epic 9.1 (定义并记录性能基线). Task: 输出约束（写死）：生成的 fixture 必须是“可打开的项目目录”（包含 project.db 与最小资源），且不含真实用户正文（全为合成文本）。,Implemented this requirement without violating the epic Must NOT do constraints; epic acceptance checklist still passes.,python -m compileall -q src (and when env ready: pytest -q),manual,TODO,TODO,TODO,TBD,none,source: 完全重构计划.md:1157
ANE-0254,[9.1] golden 更新规则（写死，Phase 1 写死落点为 repo 根目录 tools/ python 包）：,From 完全重构计划.md:1158. Epic 9.1 (定义并记录性能基线). Task: golden 更新规则（写死，Phase 1 写死落点为 repo 根目录 tools/ python 包）：,Implemented this requirement without violating the epic Must NOT do constraints; epic acceptance checklist still passes.,python -m compileall -q src (and when env ready: pytest -q),manual,TODO,TODO,TODO,tools/,none,source: 完全重构计划.md:1158
ANE-0255,[9.1] 允许新增/更新 golden 仅通过显式命令：python -m tools.update_golden --all,From 完全重构计划.md:1159. Epic 9.1 (定义并记录性能基线). Task: 允许新增/更新 golden 仅通过显式命令：python -m tools.update_golden --all,Implemented this requirement without violating the epic Must NOT do constraints; epic acceptance checklist still passes.,python -m compileall -q src (and when env ready: pytest -q),manual,TODO,TODO,TODO,TBD,none,source: 完全重构计划.md:1159
ANE-0256,[9.1] 默认 CI 不更新 golden，只做 diff 校验。,From 完全重构计划.md:1160. Epic 9.1 (定义并记录性能基线). Task: 默认 CI 不更新 golden，只做 diff 校验。,Implemented this requirement without violating the epic Must NOT do constraints; epic acceptance checklist still passes.,python -m compileall -q src (and when env ready: pytest -q),manual,TODO,TODO,TODO,TBD,none,source: 完全重构计划.md:1160
ANE-0257,[9.1] 埋点位置清单（写死，避免执行期在调用链里猜）：,From 完全重构计划.md:1162. Epic 9.1 (定义并记录性能基线). Task: 埋点位置清单（写死，避免执行期在调用链里猜）：,Implemented this requirement without violating the epic Must NOT do constraints; epic acceptance checklist still passes.,python -m compileall -q src (and when env ready: pytest -q),manual,TODO,TODO,TODO,TBD,none,source: 完全重构计划.md:1162
ANE-0258,[9.1] cold start：,From 完全重构计划.md:1163. Epic 9.1 (定义并记录性能基线). Task: cold start：,Implemented this requirement without violating the epic Must NOT do constraints; epic acceptance checklist still passes.,python -m compileall -q src (and when env ready: pytest -q),manual,TODO,TODO,TODO,TBD,none,source: 完全重构计划.md:1163
ANE-0259,[9.1] start：src/main.py:66（进入 main()）,From 完全重构计划.md:1164. Epic 9.1 (定义并记录性能基线). Task: start：src/main.py:66（进入 main()）,Implemented this requirement without violating the epic Must NOT do constraints; epic acceptance checklist still passes.,python -m compileall -q src (and when env ready: pytest -q),manual,TODO,TODO,TODO,src/main.py:66,none,source: 完全重构计划.md:1164
ANE-0260,[9.1] end：src/main.py:235（main_window.show() 之后）,From 完全重构计划.md:1165. Epic 9.1 (定义并记录性能基线). Task: end：src/main.py:235（main_window.show() 之后）,Implemented this requirement without violating the epic Must NOT do constraints; epic acceptance checklist still passes.,python -m compileall -q src (and when env ready: pytest -q),manual,TODO,TODO,TODO,src/main.py:235,none,source: 完全重构计划.md:1165
ANE-0261,[9.1] open project：,From 完全重构计划.md:1166. Epic 9.1 (定义并记录性能基线). Task: open project：,Implemented this requirement without violating the epic Must NOT do constraints; epic acceptance checklist still passes.,python -m compileall -q src (and when env ready: pytest -q),manual,TODO,TODO,TODO,TBD,none,source: 完全重构计划.md:1166
ANE-0262,[9.1] start：src/gui/controllers/project_controller.py:52（on_open_project() 进入）,From 完全重构计划.md:1167. Epic 9.1 (定义并记录性能基线). Task: start：src/gui/controllers/project_controller.py:52（on_open_project() 进入）,Implemented this requirement without violating the epic Must NOT do constraints; epic acceptance checklist still passes.,python -m compileall -q src (and when env ready: pytest -q),manual,TODO,TODO,TODO,src/gui/controllers/project_controller.py:52,none,source: 完全重构计划.md:1167
ANE-0263,[9.1] end：src/gui/controllers/project_controller.py:70（project_structure_changed.emit() 之后，且 ...,From 完全重构计划.md:1168. Epic 9.1 (定义并记录性能基线). Task: end：src/gui/controllers/project_controller.py:70（project_structure_changed.emit() 之后，且 UI 可交互）,Implemented this requirement without violating the epic Must NOT do constraints; epic acceptance checklist still passes.,python -m compileall -q src (and when env ready: pytest -q),manual,TODO,TODO,TODO,src/gui/controllers/project_controller.py:70,none,source: 完全重构计划.md:1168
ANE-0264,[9.1] outline refresh：,From 完全重构计划.md:1169. Epic 9.1 (定义并记录性能基线). Task: outline refresh：,Implemented this requirement without violating the epic Must NOT do constraints; epic acceptance checklist still passes.,python -m compileall -q src (and when env ready: pytest -q),manual,TODO,TODO,TODO,TBD,none,source: 完全重构计划.md:1169
ANE-0265,[9.1] start/end：在 src/gui/panels/outline_panel.py 的“刷新入口函数”前后打点（执行阶段定位具体方法名）,From 完全重构计划.md:1170. Epic 9.1 (定义并记录性能基线). Task: start/end：在 src/gui/panels/outline_panel.py 的“刷新入口函数”前后打点（执行阶段定位具体方法名）,Implemented this requirement without violating the epic Must NOT do constraints; epic acceptance checklist still passes.,python -m compileall -q src (and when env ready: pytest -q),manual,TODO,TODO,TODO,src/gui/panels/outline_panel.py,none,source: 完全重构计划.md:1170
ANE-0266,[9.1] AI completion（mock）：,From 完全重构计划.md:1171. Epic 9.1 (定义并记录性能基线). Task: AI completion（mock）：,Implemented this requirement without violating the epic Must NOT do constraints; epic acceptance checklist still passes.,python -m compileall -q src (and when env ready: pytest -q),manual,TODO,TODO,TODO,TBD,none,source: 完全重构计划.md:1171
ANE-0267,[9.1] start/end：在 src/gui/editor/smart_completion_manager.py 的“发起 completion”与“渲染 suggestion”...,From 完全重构计划.md:1172. Epic 9.1 (定义并记录性能基线). Task: start/end：在 src/gui/editor/smart_completion_manager.py 的“发起 completion”与“渲染 suggestion”前后打点（执行阶段定位具体方法名）,Implemented this requirement without violating the epic Must NOT do constraints; epic acceptance checklist still passes.,python -m compileall -q src (and when env ready: pytest -q),manual,TODO,TODO,TODO,src/gui/editor/smart_completion_manager.py,none,source: 完全重构计划.md:1172
ANE-0268,[EPIC 10.1] 明确打包目标与运行模式（默认：PyInstaller + Windows）,Epic extracted from 完全重构计划.md:1181. Scope: implement the full epic end-to-end while preserving existing behavior/data compatibility.,spec 文件可被 git 跟踪（不再被 ignore）。 | 打包后可启动并打开项目。 | 主题样式、图标、导入导出至少 TEXT/MD 工作。,python -m compileall -q src (and when env ready: pytest -q),manual,TODO,TODO,TODO,src/main.py | src/gui/themes/theme_manager.py | src/resources/styles/*.qss | requirements.txt,none,source: 完全重构计划.md:1181
ANE-0269,[10.1] 修复仓库规则冲突：.gitignore 当前忽略 *.spec（.gitignore:210），而 PyInstaller 需要 spec 文件。,From 完全重构计划.md:1188. Epic 10.1 (明确打包目标与运行模式（默认：PyInstaller + Windows）). Task: 修复仓库规则冲突：.gitignore 当前忽略 *.spec（.gitignore:210），而 PyInstaller 需要 spec 文件。,Implemented this requirement without violating the epic Must NOT do constraints; epic acceptance checklist still passes.,python -m compileall -q src (and when env ready: pytest -q),manual,TODO,TODO,TODO,.gitignore | .gitignore:210,none,source: 完全重构计划.md:1188
ANE-0270,[10.1] 方案：给 spec 做白名单（例如 !pyinstaller/ai_novel_editor.spec）或将 spec 放到不被忽略的路径/命名。,From 完全重构计划.md:1189. Epic 10.1 (明确打包目标与运行模式（默认：PyInstaller + Windows）). Task: 方案：给 spec 做白名单（例如 !pyinstaller/ai_novel_editor.spec）或将 spec 放到不被忽略的路径/命名。,Implemented this requirement without violating the epic Must NOT do constraints; epic acceptance checklist still passes.,python -m compileall -q src (and when env ready: pytest -q),manual,TODO,TODO,TODO,TBD,none,source: 完全重构计划.md:1189
ANE-0271,[10.1] 补齐打包所需资源清单：Qt plugins、图标、QSS、jieba 词典、weasyprint 依赖。,From 完全重构计划.md:1190. Epic 10.1 (明确打包目标与运行模式（默认：PyInstaller + Windows）). Task: 补齐打包所需资源清单：Qt plugins、图标、QSS、jieba 词典、weasyprint 依赖。,Implemented this requirement without violating the epic Must NOT do constraints; epic acceptance checklist still passes.,python -m compileall -q src (and when env ready: pytest -q),manual,TODO,TODO,TODO,TBD,none,source: 完全重构计划.md:1190
ANE-0272,[10.1] 建立 scripts/build.ps1（或同等脚本）+ pyinstaller.spec（执行阶段实现）。,From 完全重构计划.md:1191. Epic 10.1 (明确打包目标与运行模式（默认：PyInstaller + Windows）). Task: 建立 scripts/build.ps1（或同等脚本）+ pyinstaller.spec（执行阶段实现）。,Implemented this requirement without violating the epic Must NOT do constraints; epic acceptance checklist still passes.,python -m compileall -q src (and when env ready: pytest -q),manual,TODO,TODO,TODO,TBD,none,source: 完全重构计划.md:1191
ANE-0273,[10.1] 明确数据目录策略：,From 完全重构计划.md:1192. Epic 10.1 (明确打包目标与运行模式（默认：PyInstaller + Windows）). Task: 明确数据目录策略：,Implemented this requirement without violating the epic Must NOT do constraints; epic acceptance checklist still passes.,python -m compileall -q src (and when env ready: pytest -q),manual,TODO,TODO,TODO,TBD,none,source: 完全重构计划.md:1192
ANE-0274,[10.1] portable：相对路径（项目旁边）,From 完全重构计划.md:1193. Epic 10.1 (明确打包目标与运行模式（默认：PyInstaller + Windows）). Task: portable：相对路径（项目旁边）,Implemented this requirement without violating the epic Must NOT do constraints; epic acceptance checklist still passes.,python -m compileall -q src (and when env ready: pytest -q),manual,TODO,TODO,TODO,TBD,none,source: 完全重构计划.md:1193
ANE-0275,[10.1] installed：QStandardPaths（当前已使用）,From 完全重构计划.md:1194. Epic 10.1 (明确打包目标与运行模式（默认：PyInstaller + Windows）). Task: installed：QStandardPaths（当前已使用）,Implemented this requirement without violating the epic Must NOT do constraints; epic acceptance checklist still passes.,python -m compileall -q src (and when env ready: pytest -q),manual,TODO,TODO,TODO,TBD,none,source: 完全重构计划.md:1194
ANE-0276,[EPIC 10.2] 为打包做依赖风险分级（尤其 weasyprint）,Epic extracted from 完全重构计划.md:1206. Scope: implement the full epic end-to-end while preserving existing behavior/data compatibility.,打包版不会因为缺少系统依赖而直接崩溃：在缺少 weasyprint 依赖的环境下启动仍成功，尝试 PDF 导出时给出明确降级提示（功能不可用原因 + 解决方式）。,python -m compileall -q src (and when env ready: pytest -q),manual,TODO,TODO,TODO,TBD,none,source: 完全重构计划.md:1206
ANE-0277,[10.2] 识别“难打包依赖”：weasyprint、cryptography、nltk 数据等。,From 完全重构计划.md:1209. Epic 10.2 (为打包做依赖风险分级（尤其 weasyprint）). Task: 识别“难打包依赖”：weasyprint、cryptography、nltk 数据等。,Implemented this requirement without violating the epic Must NOT do constraints; epic acceptance checklist still passes.,python -m compileall -q src (and when env ready: pytest -q),manual,TODO,TODO,TODO,TBD,none,source: 完全重构计划.md:1209
ANE-0278,[10.2] 为每个风险点提供降级策略（例如 PDF 导出不可用时给出清晰提示）。,From 完全重构计划.md:1210. Epic 10.2 (为打包做依赖风险分级（尤其 weasyprint）). Task: 为每个风险点提供降级策略（例如 PDF 导出不可用时给出清晰提示）。,Implemented this requirement without violating the epic Must NOT do constraints; epic acceptance checklist still passes.,python -m compileall -q src (and when env ready: pytest -q),manual,TODO,TODO,TODO,TBD,none,source: 完全重构计划.md:1210
ANE-0279,[EPIC 11.1] 密钥存储审计与加固,Epic extracted from 完全重构计划.md:1217. Scope: implement the full epic end-to-end while preserving existing behavior/data compatibility.,"任何日志/导出文件不包含明文 API key。 | 重点审计并修复：src/main.py:116 的 RAG 配置日志输出（logger.info(f""RAG配置: {rag_config}"")）必须改为脱敏输出。 | 验收脚本：启动一次应用后，检查日志目录 ~/.ai-novel-editor/logs/（见 src/main.py）中不出现以下模式：",python -m compileall -q src (and when env ready: pytest -q),manual,TODO,TODO,TODO,src/core/config.py | src/core/ai_client.py | src/core/rag_service.py,none,source: 完全重构计划.md:1217
ANE-0280,[11.1] 审计 src/core/secure_key_manager.py：加密算法、密钥来源、错误处理。,From 完全重构计划.md:1220. Epic 11.1 (密钥存储审计与加固). Task: 审计 src/core/secure_key_manager.py：加密算法、密钥来源、错误处理。,Implemented this requirement without violating the epic Must NOT do constraints; epic acceptance checklist still passes.,python -m compileall -q src (and when env ready: pytest -q),manual,TODO,TODO,TODO,src/core/secure_key_manager.py,none,source: 完全重构计划.md:1220
ANE-0281,[11.1] 明确策略：,From 完全重构计划.md:1221. Epic 11.1 (密钥存储审计与加固). Task: 明确策略：,Implemented this requirement without violating the epic Must NOT do constraints; epic acceptance checklist still passes.,python -m compileall -q src (and when env ready: pytest -q),manual,TODO,TODO,TODO,TBD,none,source: 完全重构计划.md:1221
ANE-0282,[11.1] 默认使用安全存储（OS keychain 或本地加密文件）,From 完全重构计划.md:1222. Epic 11.1 (密钥存储审计与加固). Task: 默认使用安全存储（OS keychain 或本地加密文件）,Implemented this requirement without violating the epic Must NOT do constraints; epic acceptance checklist still passes.,python -m compileall -q src (and when env ready: pytest -q),manual,TODO,TODO,TODO,TBD,none,source: 完全重构计划.md:1222
ANE-0283,[11.1] 配置导出时永不包含密钥,From 完全重构计划.md:1223. Epic 11.1 (密钥存储审计与加固). Task: 配置导出时永不包含密钥,Implemented this requirement without violating the epic Must NOT do constraints; epic acceptance checklist still passes.,python -m compileall -q src (and when env ready: pytest -q),manual,TODO,TODO,TODO,TBD,none,source: 完全重构计划.md:1223
ANE-0284,[EPIC 11.2] Prompt 注入与数据泄露防护（最小可行）,Epic extracted from 完全重构计划.md:1236. Scope: implement the full epic end-to-end while preserving existing behavior/data compatibility.,RAG 文档中的指令不会被当作系统指令执行：新增 1 条单测/快照用例，输入包含“忽略上文/泄露密钥”的 RAG 片段，验证最终 prompt 中该片段被明确包裹为引用/上下文而非 system 指令。,python -m compileall -q src (and when env ready: pytest -q),manual,TODO,TODO,TODO,TBD,none,source: 完全重构计划.md:1236
ANE-0285,[11.2] 在 Prompt 组装时对来源做边界标记：,From 完全重构计划.md:1239. Epic 11.2 (Prompt 注入与数据泄露防护（最小可行）). Task: 在 Prompt 组装时对来源做边界标记：,Implemented this requirement without violating the epic Must NOT do constraints; epic acceptance checklist still passes.,python -m compileall -q src (and when env ready: pytest -q),manual,TODO,TODO,TODO,TBD,none,source: 完全重构计划.md:1239
ANE-0286,[11.2] 用户输入（user）,From 完全重构计划.md:1240. Epic 11.2 (Prompt 注入与数据泄露防护（最小可行）). Task: 用户输入（user）,Implemented this requirement without violating the epic Must NOT do constraints; epic acceptance checklist still passes.,python -m compileall -q src (and when env ready: pytest -q),manual,TODO,TODO,TODO,TBD,none,source: 完全重构计划.md:1240
ANE-0287,[11.2] RAG 片段（quoted context）,From 完全重构计划.md:1241. Epic 11.2 (Prompt 注入与数据泄露防护（最小可行）). Task: RAG 片段（quoted context）,Implemented this requirement without violating the epic Must NOT do constraints; epic acceptance checklist still passes.,python -m compileall -q src (and when env ready: pytest -q),manual,TODO,TODO,TODO,TBD,none,source: 完全重构计划.md:1241
ANE-0288,[11.2] Codex（structured facts）,From 完全重构计划.md:1242. Epic 11.2 (Prompt 注入与数据泄露防护（最小可行）). Task: Codex（structured facts）,Implemented this requirement without violating the epic Must NOT do constraints; epic acceptance checklist still passes.,python -m compileall -q src (and when env ready: pytest -q),manual,TODO,TODO,TODO,TBD,none,source: 完全重构计划.md:1242
ANE-0289,[11.2] 默认禁用“工具调用”或仅在明确开关启用时开放。,From 完全重构计划.md:1243. Epic 11.2 (Prompt 注入与数据泄露防护（最小可行）). Task: 默认禁用“工具调用”或仅在明确开关启用时开放。,Implemented this requirement without violating the epic Must NOT do constraints; epic acceptance checklist still passes.,python -m compileall -q src (and when env ready: pytest -q),manual,TODO,TODO,TODO,TBD,none,source: 完全重构计划.md:1243
ANE-0290,[EPIC 12.1] 配置 schema 化与迁移（避免 config.json 越堆越乱）,Epic extracted from 完全重构计划.md:1250. Scope: implement the full epic end-to-end while preserving existing behavior/data compatibility.,config 版本可追踪；旧配置升级后仍可正常启动：提供 1 份旧配置 fixture（tests/fixtures/config_v0.json，执行阶段新增），运行一次迁移并启动 python src/main.py 通过。,python -m compileall -q src (and when env ready: pytest -q),manual,TODO,TODO,TODO,src/core/config.py | src/gui/ai/config_mapper.py,none,source: 完全重构计划.md:1250
ANE-0291,[12.1] 定义 ConfigSchema（字段、默认值、版本号）。,From 完全重构计划.md:1253. Epic 12.1 (配置 schema 化与迁移（避免 config.json 越堆越乱）). Task: 定义 ConfigSchema（字段、默认值、版本号）。,Implemented this requirement without violating the epic Must NOT do constraints; epic acceptance checklist still passes.,python -m compileall -q src (and when env ready: pytest -q),manual,TODO,TODO,TODO,TBD,none,source: 完全重构计划.md:1253
ANE-0292,[12.1] 实现 config 迁移：旧字段兼容 + 清理废弃字段。,From 完全重构计划.md:1254. Epic 12.1 (配置 schema 化与迁移（避免 config.json 越堆越乱）). Task: 实现 config 迁移：旧字段兼容 + 清理废弃字段。,Implemented this requirement without violating the epic Must NOT do constraints; epic acceptance checklist still passes.,python -m compileall -q src (and when env ready: pytest -q),manual,TODO,TODO,TODO,TBD,none,source: 完全重构计划.md:1254
ANE-0293,[12.1] 统一“配置写入频率”：避免 UI 每次改动都落盘。,From 完全重构计划.md:1255. Epic 12.1 (配置 schema 化与迁移（避免 config.json 越堆越乱）). Task: 统一“配置写入频率”：避免 UI 每次改动都落盘。,Implemented this requirement without violating the epic Must NOT do constraints; epic acceptance checklist still passes.,python -m compileall -q src (and when env ready: pytest -q),manual,TODO,TODO,TODO,TBD,none,source: 完全重构计划.md:1255
ANE-0294,[EPIC 13.1] 增补开发文档（运行/测试/打包/架构）,Epic extracted from 完全重构计划.md:1266. Scope: implement the full epic end-to-end while preserving existing behavior/data compatibility.,文档中列出的命令可直接复制运行：,python -m compileall -q src (and when env ready: pytest -q),manual,TODO,TODO,TODO,TBD,none,source: 完全重构计划.md:1266
ANE-0295,[13.1] docs/architecture/：边界、数据流、任务系统。,From 完全重构计划.md:1269. Epic 13.1 (增补开发文档（运行/测试/打包/架构）). Task: docs/architecture/：边界、数据流、任务系统。,Implemented this requirement without violating the epic Must NOT do constraints; epic acceptance checklist still passes.,python -m compileall -q src (and when env ready: pytest -q),manual,TODO,TODO,TODO,docs/architecture/,none,source: 完全重构计划.md:1269
ANE-0296,[13.1] docs/engineering/：规范、提交策略、调试指南。,From 完全重构计划.md:1270. Epic 13.1 (增补开发文档（运行/测试/打包/架构）). Task: docs/engineering/：规范、提交策略、调试指南。,Implemented this requirement without violating the epic Must NOT do constraints; epic acceptance checklist still passes.,python -m compileall -q src (and when env ready: pytest -q),manual,TODO,TODO,TODO,docs/engineering/,none,source: 完全重构计划.md:1270
ANE-0297,[13.1] docs/ui/：设计 tokens、组件库规范。,From 完全重构计划.md:1271. Epic 13.1 (增补开发文档（运行/测试/打包/架构）). Task: docs/ui/：设计 tokens、组件库规范。,Implemented this requirement without violating the epic Must NOT do constraints; epic acceptance checklist still passes.,python -m compileall -q src (and when env ready: pytest -q),manual,TODO,TODO,TODO,docs/ui/,none,source: 完全重构计划.md:1271
ANE-0298,[DOCS] Quarantine/remove backend/frontend docs not in repo,"docs/ currently contains many references to non-existent backend/frontend/test/ (FastAPI/React/Playwright). Decide: delete, move to archive/, or rewrite to match this PyQt6 app to avoid misleading future work.","docs/ no longer references missing paths, or such docs are clearly marked as external inspiration and moved under archive/ with README.","rg -n ""backend/|frontend/|Playwright|FastAPI"" docs (expect 0) OR only under archive/ with clear disclaimer",manual,TODO,TODO,TODO,docs/ | archive/,none,source: repo audit (2026-02-02)
ANE-0299,[BUG] Fix ImportManager.create_project() call signature mismatch,"src/core/import_manager.py calls ProjectManager.create_project(project_name) but create_project requires (name, path, ...). Fix option create_project flow and UI wiring.","Import with create_project=True succeeds and creates a new project at user-selected path, then imports content.",manual: run app -> Import -> choose text/md/docx -> enable create project -> pick dir -> import succeeds; no traceback,manual,TODO,TODO,TODO,src/core/import_manager.py | src/core/project.py | src/gui/dialogs/import_dialog.py,none,source: src/core/import_manager.py:73-110
ANE-0300,[BUG] Remove hardcoded sample content + TODO from EditorPanel default doc,src/gui/editor/editor_panel.py injects sample_content with TODO lines into a default_doc. Replace with empty doc or load last session document.,App start does not create default_doc with sample text; user sees empty/expected document state.,manual: start app with no project open; verify editor content is empty or last session; no sample TODO lines appear,manual,TODO,TODO,TODO,src/gui/editor/editor_panel.py,none,source: src/gui/editor/editor_panel.py:172-189
ANE-0301,[BUG] Recent projects menu uses real config list,src/gui/menus/menu_bar.py recent projects list is hardcoded. Wire to Config recent_projects and implement clear/open behaviors.,Recent projects menu reflects actual opened projects; open/clear works; max count honored.,manual: open 2 projects -> restart app -> menu shows them; click open_recent opens correct project; clear_recent empties list,manual,TODO,TODO,TODO,src/gui/menus/menu_bar.py | src/core/config.py | src/core/project.py | src/gui/main_window.py,none,source: src/gui/menus/menu_bar.py:616-642
ANE-0302,[SEC] Stop storing plaintext API keys in config.json from UI,Unified AI config + RAG config widgets write api_key into Config (config.json). Must store via secure store and keep config.json keyless.,config.json contains no plaintext api_key fields after save; existing users migrate keys to secure store; UI still works.,manual: set key in UI -> restart -> key still available; inspect config.json has empty/absent api_key; key file/OS store has entry,manual,TODO,TODO,TODO,src/gui/ai/unified_ai_config_dialog.py | src/gui/ai/rag_config_widget.py | src/core/config.py | src/core/secure_key_manager.py,none,source: src/gui/ai/unified_ai_config_dialog.py:1324
ANE-0303,"[SEC] Redact sensitive fields from logs (api_key, prompts, document text)",Current logs include rag_config and potentially prompts/content. Implement structured redaction and avoid logging large/sensitive payloads.,Logs never contain api keys or full prompt/document content; redaction is unit-tested; debug mode still useful.,manual: enable debug -> trigger AI/RAG -> inspect logs; automated: unit test redaction helper,manual,TODO,TODO,TODO,src/main.py | src/core/log.py | src/core/config.py | src/core/rag_service.py,none,source: src/main.py logs rag_config
ANE-0304,[UX] Replace os.system open file with QDesktopServices,"export dialog uses os.system(""open ..."")/""xdg-open"". Use QDesktopServices.openUrl(QUrl.fromLocalFile(...)) for safety and cross-platform behavior.","After export, clicking “open file” works on Windows/macOS/Linux without shell invocation.",manual: export -> choose open -> file opens; no shell executed,manual,TODO,TODO,TODO,src/gui/dialogs/export_dialog.py,none,ref: Qt QDesktopServices docs
ANE-0305,[BUILD] Define supported Python versions and dev env bootstrap,"Repo claims Python 3.8+, but current tooling/tests expect modern deps; current local env may be Python 3.14 without PyQt wheels. Define supported versions and provide bootstrap scripts.","README/docs specify supported Python (e.g., 3.10/3.11) + venv setup; CI uses same; contributors can run app.",manual: fresh venv -> pip install -r requirements.txt -> python src/main.py starts,manual,TODO,TODO,TODO,README.md | requirements.txt | docs/,none,source: repo audit (PyQt6 not installed in current env)
